event_id,date,category,actor,text,EURUSD_ret_1d,EURUSD_dir_1d,EURUSD_ret_3d,EURUSD_dir_3d,EURUSD_ret_7d,EURUSD_dir_7d,GBPUSD_ret_1d,GBPUSD_dir_1d,GBPUSD_ret_3d,GBPUSD_dir_3d,GBPUSD_ret_7d,GBPUSD_dir_7d,USDJPY_ret_1d,USDJPY_dir_1d,USDJPY_ret_3d,USDJPY_dir_3d,USDJPY_ret_7d,USDJPY_dir_7d,VIX_chg_3d,VIX_dir_3d
EVT_001,2015-01-22,Monetary Policy,ECB / Mario Draghi,"The ECB announces an expanded asset purchase programme of 60 billion euros per month, committing to purchases until inflation returns towards target.",,,,,,,,,,,,,,,,,,,,
EVT_002,2015-06-27,Geopolitical,Greek Government / Alexis Tsipras,"Greek PM Tsipras announces a surprise referendum on the bailout terms proposed by creditors, raising the prospect of Greek exit from the eurozone.",,,0.0017828818765255308,UP,-0.010409247659641997,DOWN,,,-0.0008341662792259772,NEUTRAL,-0.00841956286283615,DOWN,,,-0.007536552088169891,DOWN,-0.004370460419642999,DOWN,0.2625836493229074,UP
EVT_003,2015-07-05,Election,Greek Referendum,"Greek voters reject the bailout terms with a decisive No vote, deepening uncertainty over Greece's future in the euro area.",-0.008324825272776826,DOWN,-0.0069714566214261805,DOWN,-0.0021595443115923576,DOWN,-0.00366244933598235,DOWN,-0.00966450467130947,DOWN,-0.015430911241134875,DOWN,-0.00531236074880664,DOWN,-0.0046345232269627765,DOWN,-0.011104924869106346,DOWN,0.15780258134010283,UP
EVT_004,2015-08-11,Policy Announce,People's Bank of China,"China devalues the yuan by nearly 2 percent, the largest single-day move in decades, framing it as a market-oriented reform.",0.0022721040757417775,UP,0.012984881331546384,UP,0.005523734263359894,UP,-7.794456737767209e-05,NEUTRAL,0.0020905319159646913,UP,-1.568021479340782e-05,NEUTRAL,0.00366065166800351,UP,-0.0020082263841012366,DOWN,-0.0014052981068477537,DOWN,-0.06633932367562469,DOWN
EVT_005,2015-11-13,Geopolitical,French Government,Coordinated terrorist attacks strike Paris; President Hollande declares a state of emergency and announces France is at war with ISIS.,,,-0.010692750373652467,DOWN,-0.008250161404917314,DOWN,,,-0.0010962428985153991,DOWN,0.003510184832590317,UP,,,-0.0016004898709005625,DOWN,0.0028679869474974957,UP,-0.10050292625329874,DOWN
EVT_006,2015-12-16,Monetary Policy,Federal Reserve / Janet Yellen,"The Federal Reserve raises interest rates for the first time in nearly a decade, signalling confidence in the US recovery while stressing a gradual path.",-0.0056597664993413435,DOWN,-0.008461582337473468,DOWN,0.0012585284984437074,UP,-0.004383115752523788,DOWN,-0.007613157556775533,DOWN,-0.014753808767195226,DOWN,0.0064553418115381395,UP,0.006349177674954896,UP,-0.0053151421361831265,DOWN,0.14757012750572904,UP
EVT_007,2016-02-20,Election,UK Government / David Cameron,"PM Cameron announces the date of the EU membership referendum, launching the official Brexit campaign period.",,,-0.007493967863251422,DOWN,-0.0077696521837490595,DOWN,,,-0.013001358978498984,DOWN,-0.025919595577453058,DOWN,,,-0.002466609812897257,DOWN,-0.001166276164025014,DOWN,0.02168231667230156,UP
EVT_008,2016-06-24,Election,UK Referendum Result,"The UK votes to leave the European Union; PM Cameron announces his resignation, triggering historic uncertainty over UK-EU relations.",,,-0.025767007174789764,DOWN,-0.019434495935270576,DOWN,,,-0.07908477228808979,DOWN,-0.08821651270295876,DOWN,,,-0.026752292540819195,DOWN,-0.0175319625063487,DOWN,-0.07703867679242953,DOWN
EVT_009,2016-07-11,Policy Announce,UK Government,"Theresa May becomes the new UK Prime Minister, pledging that Brexit means Brexit and promising negotiation clarity.",0.001270838382200458,UP,0.004604806554473764,UP,0.0008286391081007142,NEUTRAL,0.0026964474298473134,UP,0.013319253360776464,UP,0.021658726459865153,UP,0.018030571741632848,UP,0.03305500087850413,UP,0.046255882305279356,UP,-0.054641836978914275,DOWN
EVT_010,2016-11-09,Election,US Presidential Election,"Donald Trump wins the US presidential election, promising sweeping changes to trade policy, taxation, and international agreements.",-0.008973283929278824,DOWN,-0.011808581206007567,DOWN,-0.02683187098480498,DOWN,0.002604899153414188,UP,0.013218821299247714,UP,0.0054658605095500076,UP,0.00780529717701791,UP,0.017236147937316853,UP,0.03745045178701231,UP,-0.014711301164462794,DOWN
EVT_011,2016-12-04,Election,Italian Referendum / Matteo Renzi,"Italian voters reject constitutional reform; PM Renzi announces his resignation, raising concerns over Italian political stability and banks.",-0.00763756940783257,DOWN,0.005356515357648468,UP,-0.003927032986245829,DOWN,0.0061880821898769945,UP,0.006441471651633241,UP,-0.0003775920967777332,NEUTRAL,-0.003552989389947918,DOWN,0.0012546478632040332,UP,0.001456246054613389,UP,-0.14451824836498137,DOWN
EVT_012,2017-01-20,Policy Announce,US Government / Donald Trump,"President Trump is inaugurated, declaring an America First agenda on trade, immigration, and foreign policy in his inaugural address.",,,0.005054843962894572,UP,0.002176999519499333,UP,,,0.003931326791622041,UP,0.02061875679639609,UP,,,-0.01022785954874754,DOWN,-0.004576480748949399,DOWN,0.019734702390271835,UP
EVT_013,2017-03-29,Geopolitical,UK Government / Theresa May,"The UK formally triggers Article 50, starting the two-year countdown to withdrawal from the European Union.",-0.005383655395307185,DOWN,-0.01214991841428771,DOWN,-0.012780236534909766,DOWN,0.001528986301282471,UP,0.0045815873727699866,UP,0.0014917100670860184,UP,-0.0006475276517343136,NEUTRAL,0.004932728582534673,UP,-0.003350162154129487,DOWN,0.07990796624431291,UP
EVT_014,2017-04-24,Election,French Presidential Election,Emmanuel Macron and Marine Le Pen advance to the French presidential runoff; markets weigh pro-EU continuity against eurosceptic risk.,-0.0008370344334140607,NEUTRAL,0.0032129755781945407,UP,0.003082053441380111,UP,-0.0038788059482374572,DOWN,0.0017201683624748882,UP,0.008178037605582318,UP,-0.0030689353561111138,DOWN,0.01096914337482869,UP,0.011966928188965494,UP,-0.04529080639579926,DOWN
EVT_015,2017-05-08,Election,French Presidential Election,"Emmanuel Macron wins the French presidency decisively, easing fears of French exit from the euro and boosting European integration prospects.",-0.0034152831494478875,DOWN,-0.008646970887020109,DOWN,-0.0034590285618456393,DOWN,-0.001723015691943787,DOWN,-0.00270621757935447,DOWN,-0.0061140756770849776,DOWN,0.004833753628445559,UP,0.014484111460242022,UP,0.005195786161433334,UP,0.08153752419703139,UP
EVT_016,2017-08-09,Geopolitical,US Government / Donald Trump,"President Trump warns North Korea it will face fire and fury like the world has never seen, escalating nuclear tensions.",0.0005879322590374358,NEUTRAL,0.0013291729429943406,UP,-0.001139538586895833,DOWN,0.002145015831228911,UP,-0.0007269300813393949,NEUTRAL,-0.009216545458380593,DOWN,-0.0004814311559115462,NEUTRAL,-0.009087272554009564,DOWN,0.004476743108737594,UP,0.3336394191960967,UP
EVT_017,2017-09-25,Election,German Federal Election,"Chancellor Merkel wins a fourth term but with a weakened coalition, as the far-right AfD enters the Bundestag for the first time.",-0.00601701171679182,DOWN,-0.014998794133209982,DOWN,-0.010098939762166276,DOWN,-0.002185825857099168,DOWN,-0.008058416636368483,DOWN,-0.008420053967546614,DOWN,-0.006092645252410548,DOWN,0.0036927958436057924,UP,0.001723818799810532,UP,-0.06682646144793482,DOWN
EVT_018,2017-10-02,Geopolitical,Catalan Government,Catalonia holds an independence referendum declared illegal by Madrid; violent scenes raise Spanish political risk.,-0.006250154855581916,DOWN,-0.004253371130010998,DOWN,-0.005510614113013822,DOWN,-0.008880921407265,DOWN,-0.012114925299170265,DOWN,-0.023417658153367292,DOWN,0.0011711755709890703,UP,0.0016410607716056062,UP,-0.0007726664180991623,NEUTRAL,-0.027898830614614466,DOWN
EVT_019,2017-12-20,Policy Announce,US Congress,"The US Congress passes the Tax Cuts and Jobs Act, the largest corporate tax overhaul in decades, cutting the corporate rate to 21 percent.",0.0031072487323386346,UP,0.0013508135279207403,UP,0.0013982655599067786,UP,-0.0011105273312257287,DOWN,-0.0004818729899224724,NEUTRAL,-0.0009099638094566515,NEUTRAL,0.002280887248330525,UP,0.0030047510367637907,UP,0.0019453130217560336,UP,0.018349072663800706,UP
EVT_020,2018-03-01,Policy Announce,US Government / Donald Trump,"President Trump announces tariffs of 25 percent on steel and 10 percent on aluminum imports, citing national security grounds.",0.00650694664057467,UP,0.00650694664057467,UP,0.018158207890551146,UP,0.0015417301571069627,UP,0.0015417301571069627,UP,0.010994842326600385,UP,-0.004483002318623702,DOWN,-0.004483002318623702,DOWN,-0.004266424935986495,DOWN,-0.13716181589339477,DOWN
EVT_021,2018-03-22,Policy Announce,US Government / Donald Trump,"President Trump signs a memorandum targeting up to 60 billion dollars of Chinese imports with tariffs, igniting fears of a US-China trade war.",-0.0018381487711449,DOWN,-0.0018381487711449,DOWN,-0.0030329877823149607,DOWN,-0.0022325865025553033,DOWN,-0.0022325865025553033,DOWN,-0.004671478455051737,DOWN,-0.009113502535078066,DOWN,-0.009113502535078066,DOWN,0.008301180187944946,UP,0.06349365816409866,UP
EVT_022,2018-05-08,Geopolitical,US Government / Donald Trump,President Trump announces US withdrawal from the Iran nuclear deal and the reimposition of sanctions on Iran.,-0.005533851088539423,DOWN,-0.0013595632499965502,DOWN,-0.00021479218938331656,NEUTRAL,-0.0012477425019879935,DOWN,-0.0034679908111565193,DOWN,-0.0005833752460143401,NEUTRAL,0.0007432435588969837,NEUTRAL,0.004515059216215341,UP,0.007207124871633852,UP,-0.15087035218879516,DOWN
EVT_023,2018-06-12,Geopolitical,US-North Korea Summit,"President Trump and Kim Jong-un hold a historic summit in Singapore, signing a joint statement on denuclearisation of the Korean peninsula.",-0.002199270438669329,DOWN,-0.017784693149914786,DOWN,-0.012252215810527371,DOWN,-0.00013379725314856988,NEUTRAL,-0.008841456689806442,DOWN,-0.00868239318775142,DOWN,0.0005977403575558163,NEUTRAL,0.002343519024585181,UP,-0.0022491991878439456,DOWN,-0.029607476365903343,DOWN
EVT_024,2018-07-06,Policy Announce,US Government,The first tranche of US tariffs on 34 billion dollars of Chinese goods takes effect; China retaliates immediately with equivalent measures.,,,0.004806882998706923,UP,-0.002569743951029056,DOWN,,,0.005437315097710348,UP,-0.0034328757995703957,DOWN,,,-0.0014208563478246504,DOWN,0.0186886027634841,UP,-0.05219913389474765,DOWN
EVT_025,2018-09-17,Policy Announce,US Government / Donald Trump,"President Trump announces 10 percent tariffs on an additional 200 billion dollars of Chinese imports, threatening escalation to 25 percent.",0.0034481379521063144,UP,0.003914991297093287,UP,0.010439010689835923,UP,0.005571571899250875,UP,0.005177312875037917,UP,0.000549151035801072,NEUTRAL,-0.002351968120645511,DOWN,0.0032460759421475732,UP,0.00508738413558219,UP,-0.1478353868669848,DOWN
EVT_026,2018-11-25,Geopolitical,EU / UK Governments,"EU leaders endorse the Brexit withdrawal agreement negotiated with PM May, moving the deal to a high-stakes UK parliamentary vote.",-0.005787459882789548,DOWN,-0.009194142349898075,DOWN,-0.0009118003782745559,NEUTRAL,-0.004957852531537924,DOWN,-0.010324517358647317,DOWN,-0.007133512479482648,DOWN,-0.0005223452318115412,NEUTRAL,0.006959400792296288,UP,0.003825334400164118,UP,-0.15175272354477848,DOWN
EVT_027,2018-12-03,Policy Announce,US-China G20 Meeting,"Presidents Trump and Xi agree a 90-day truce in the trade war at the G20 in Buenos Aires, delaying planned tariff increases.",0.0011120969434071908,UP,0.0006013182846979393,NEUTRAL,0.00516271666672832,UP,-0.002165752983151721,DOWN,-0.0020258128387136416,DOWN,-0.0025474563724005163,DOWN,-0.0015482959206719142,DOWN,-0.006278274843437056,DOWN,-0.011146351808544081,DOWN,0.2538119753702029,UP
EVT_028,2018-12-19,Monetary Policy,Federal Reserve / Jerome Powell,"The Fed raises rates a fourth time in 2018 and signals further tightening, disappointing markets hoping for a dovish pivot.",0.0012406398541560727,UP,0.0071349655233958675,UP,0.0035212162242210738,UP,-0.002149012518844213,DOWN,0.0011649418079327863,UP,0.0026610683347548397,UP,-0.0010136166158836012,DOWN,-0.012097015641940167,DOWN,-0.01903829717688977,DOWN,0.16304656959623418,UP
EVT_029,2019-01-15,Election,UK Parliament,"The UK Parliament rejects PM May's Brexit deal by a historic margin of 230 votes, deepening uncertainty over the withdrawal process.",-0.004898327287011697,DOWN,-0.0070195819824342845,DOWN,-0.009068172122825888,DOWN,-0.0002188137718802595,NEUTRAL,0.008429951191315968,UP,0.001301244184162672,UP,0.0036330892588824918,UP,0.008307199729534361,UP,0.013032473193478465,UP,-0.043963186792008925,DOWN
EVT_030,2019-05-05,Policy Announce,US Government / Donald Trump,"President Trump tweets that tariffs on 200 billion dollars of Chinese goods will rise to 25 percent, abruptly ending the trade truce.",0.0010956263111556311,UP,0.0015654980086033784,UP,0.004333468502645237,UP,0.008967852507571582,UP,0.0027277171316390206,UP,-0.001809914151946745,DOWN,-0.007851737479550685,DOWN,-0.011165732783136597,DOWN,-0.015255499385210593,DOWN,0.4103740336899275,UP
EVT_031,2019-07-24,Policy Announce,UK Government,"Boris Johnson becomes UK Prime Minister, pledging to deliver Brexit by October 31 with or without a deal.",-0.0007913887906001747,NEUTRAL,-0.00045711104375865486,NEUTRAL,0.0006023189460819274,NEUTRAL,0.0037636218005682293,UP,0.0011573967836118581,UP,-0.02255698485550111,DOWN,-0.0003973668645929086,NEUTRAL,0.00400186891408433,UP,0.003044313573921586,UP,0.007428854164060665,UP
EVT_032,2019-07-31,Monetary Policy,Federal Reserve / Jerome Powell,"The Fed cuts interest rates for the first time since 2008, describing the move as a mid-cycle adjustment rather than the start of an easing cycle.",-0.007758017936413691,DOWN,-0.007115650765549144,DOWN,0.004383546699891772,UP,-0.0006444018160345509,NEUTRAL,-0.003072086237386931,DOWN,0.000669161700809445,NEUTRAL,0.0023737325130193114,UP,-0.010472626990900524,DOWN,-0.020708128400804268,DOWN,0.08840616802738138,UP
EVT_033,2019-08-01,Policy Announce,US Government / Donald Trump,"President Trump announces 10 percent tariffs on the remaining 300 billion dollars of Chinese imports, escalating the trade war.",0.0006423671708644623,NEUTRAL,0.0006423671708644623,NEUTRAL,0.011906245511316993,UP,-0.0024276844213524306,DOWN,-0.0024276844213524306,DOWN,-0.0008624339903932766,NEUTRAL,-0.012846359503919802,DOWN,-0.012846359503919802,DOWN,-0.02511516502856122,DOWN,-0.014656418967104897,DOWN
EVT_034,2019-08-23,Policy Announce,US Government / Donald Trump,"President Trump orders US companies to seek alternatives to China after Beijing announces retaliatory tariffs, roiling markets.",,,0.005312309309738264,UP,-0.001993069542827976,DOWN,,,0.0008580002430647376,NEUTRAL,-0.0053520014688485315,DOWN,,,-0.015294685296024652,DOWN,-0.0002818030367374322,NEUTRAL,-0.0280702858114059,DOWN
EVT_035,2019-10-11,Policy Announce,US-China Negotiations,"President Trump announces a Phase One trade deal in principle with China, suspending a planned tariff increase.",,,0.0017214227218684101,UP,0.010493297413740938,UP,,,0.014835381126576449,UP,0.034422594211149495,UP,,,0.005352745193057127,UP,0.006476977226639774,UP,-0.06702343628406271,DOWN
EVT_036,2019-12-13,Election,UK General Election,"PM Johnson wins a large Conservative majority, securing a mandate to get Brexit done by the end of January.",,,-0.005521771250448632,DOWN,-0.005388259286624741,DOWN,,,-0.009094762382315871,DOWN,-0.03456609129002552,DOWN,,,-0.00011882738307336226,NEUTRAL,-0.00027421688481666566,NEUTRAL,-0.03956913151179382,DOWN
EVT_037,2020-01-03,Geopolitical,US Government,"A US drone strike kills Iranian General Qassem Soleimani in Baghdad; Iran vows severe revenge, spiking geopolitical risk.",,,-0.0008486965705175967,NEUTRAL,-0.005414641563516956,DOWN,,,-0.0055351325323139515,DOWN,-0.006293504980024218,DOWN,,,-0.005348591694199156,DOWN,0.008842107625050699,UP,-0.012199654080916935,DOWN
EVT_038,2020-01-15,Policy Announce,US-China Governments,"The US and China sign the Phase One trade agreement, committing China to increased purchases of US goods.",0.0020736147906197213,UP,0.0007794739571992716,NEUTRAL,-0.004076723229566495,DOWN,0.001433508133319965,UP,0.004306770378691392,UP,0.001955321258387585,UP,0.0002640152385874537,NEUTRAL,0.0029178608604659498,UP,0.0004914485415931994,NEUTRAL,-0.026102598519043493,DOWN
EVT_039,2020-01-31,Geopolitical,UK Government,"The United Kingdom formally leaves the European Union, entering an 11-month transition period.",,,0.005485525052044301,UP,-0.0041933242278914835,DOWN,,,0.007053665450375502,UP,-0.012202636858927546,DOWN,,,-0.004649026340297713,DOWN,0.009970640866885818,UP,-0.04727861466255202,DOWN
EVT_040,2020-03-11,Geopolitical,WHO / Governments,The WHO declares COVID-19 a pandemic; governments worldwide begin announcing emergency containment measures.,-0.004871123222760194,DOWN,-0.011694824003970575,DOWN,-0.026957034363435127,DOWN,-0.007113684445312661,DOWN,-0.026648920608374572,DOWN,-0.06298739128126916,DOWN,-0.00454249278679902,DOWN,-0.003968792660686148,DOWN,0.022138048358168596,UP,0.07037719760844656,UP
EVT_041,2020-03-13,Policy Announce,US Government / Donald Trump,"President Trump declares a national emergency over COVID-19, unlocking federal funds and signalling major fiscal response.",,,-0.0026473308768339967,DOWN,-0.048318183662619724,DOWN,,,-0.013645774379139759,DOWN,-0.08947312013185808,DOWN,,,0.01966956511934563,UP,0.06190924057861391,UP,0.35759100142604205,UP
EVT_042,2020-03-15,Monetary Policy,Federal Reserve / Jerome Powell,"In an emergency Sunday move, the Fed cuts rates to near zero and announces 700 billion dollars of quantitative easing.",-0.0026473308768339967,DOWN,-0.015262210359464581,DOWN,-0.048318183662619724,DOWN,-0.013645774379139759,DOWN,-0.036338470672894606,DOWN,-0.08947312013185808,DOWN,0.01966956511934563,UP,0.026106841018854916,UP,0.06190924057861391,UP,0.2791291886238818,UP
EVT_043,2020-03-26,Policy Announce,US Congress,"The US Senate passes the 2 trillion dollar CARES Act, the largest fiscal stimulus in American history.",0.014467411219748632,UP,0.014467411219748632,UP,0.005864759030017864,UP,0.029062380758886924,UP,0.029062380758886924,UP,0.04384852458368403,UP,-0.016065061609713084,DOWN,-0.016065061609713084,DOWN,-0.03318459577551718,DOWN,0.07178679306634327,UP
EVT_044,2020-07-21,Policy Announce,European Council,"EU leaders agree the 750 billion euro Next Generation EU recovery fund, a landmark step towards common European borrowing.",0.006552908037431887,UP,0.011919014088483676,UP,0.02674386595189176,UP,0.005433994825164105,UP,0.005433994825164105,UP,0.0178467543663783,UP,-0.0034014125650540317,DOWN,-0.0033452820445829807,DOWN,-0.01821593129488899,DOWN,0.039468421611397575,UP
EVT_045,2020-11-07,Election,US Presidential Election,Major networks declare Joe Biden winner of the US presidential election; President Trump refuses to concede.,,,0.0008275377846661191,NEUTRAL,-0.0011975974993989843,DOWN,,,0.0023019858690458256,UP,-0.0013523777068255036,DOWN,,,0.014698015168604556,UP,0.014250834729582435,UP,-0.002416488226867362,DOWN
EVT_046,2020-12-24,Geopolitical,EU / UK Governments,"The EU and UK announce a Trade and Cooperation Agreement, averting a no-deal Brexit days before the transition deadline.",-0.0005485085946641497,NEUTRAL,-0.0005485085946641497,NEUTRAL,0.008859626407189725,UP,0.0034525702441261874,UP,0.0034525702441261874,UP,0.00923967672811336,UP,0.0009748599880389031,NEUTRAL,0.0009748599880389031,NEUTRAL,-0.0041708435258359985,DOWN,0.0,NEUTRAL
EVT_047,2021-01-06,Geopolitical,US Political Crisis,A mob storms the US Capitol as Congress certifies the election result; President Trump's remarks are blamed for inciting the violence.,0.003314261048349765,UP,-0.002346566604869721,DOWN,-0.007456826042554993,DOWN,-0.0003135195808772865,NEUTRAL,-0.004406326430034986,DOWN,0.00300293117119809,UP,0.003364099443340694,UP,0.010771744302835874,UP,0.01040553394909193,UP,-0.1508321787272203,DOWN
EVT_048,2021-03-11,Policy Announce,US Government / Joe Biden,"President Biden signs the 1.9 trillion dollar American Rescue Plan, promising direct payments and accelerated vaccination.",0.005021504926535071,UP,0.005021504926535071,UP,0.004745873502788011,UP,0.004188262924533444,UP,0.004188262924533444,UP,0.003181416712079006,UP,0.001133718721252792,UP,0.001133718721252792,UP,0.004224130169551854,UP,-0.05729262907326568,DOWN
EVT_049,2021-08-15,Geopolitical,Afghan Government Collapse,Kabul falls to the Taliban as the US completes its withdrawal; President Biden defends the decision amid chaotic evacuation scenes.,0.0049650586518873285,UP,-0.0022624656849355466,DOWN,-0.005096922826245023,DOWN,0.003777683707379104,UP,-0.005165920607268527,DOWN,-0.013171997338071976,DOWN,-0.007080972626341277,DOWN,-0.007874891153577541,DOWN,-0.005768279235679283,DOWN,0.3336944552544505,UP
EVT_050,2021-09-26,Election,German Federal Election,Germany's SPD narrowly wins the federal election; Chancellor Merkel's era ends with months of coalition talks ahead.,-0.0014664840661050697,DOWN,-0.004603386552251232,DOWN,-0.014221561017431158,DOWN,-0.0039032683638136447,DOWN,-0.013223036568930232,DOWN,-0.01858489357566893,DOWN,0.0039622246173075405,UP,0.01083609275332288,UP,0.010235154184455536,UP,0.2397928870356664,UP
EVT_051,2021-11-22,Monetary Policy,US Government / Joe Biden,"President Biden renominates Jerome Powell as Fed Chair, signalling continuity in US monetary policy leadership.",-0.0029835852011364673,DOWN,-0.006473860745077817,DOWN,0.001545939386650453,UP,-0.0027502557935165746,DOWN,-0.00776183316959091,DOWN,-0.006988339168154286,DOWN,0.005696133161027533,UP,0.0110654040126511,UP,-0.0036777381110241238,DOWN,-0.03126083175796267,DOWN
EVT_052,2022-02-21,Geopolitical,Russian Government / Vladimir Putin,President Putin recognises the separatist Donetsk and Luhansk republics and orders troops into eastern Ukraine.,-0.0006675169193645805,NEUTRAL,-0.0010180494926216148,DOWN,-0.012103844325941958,DOWN,0.0001902828933616646,NEUTRAL,-0.003514547474115719,DOWN,-0.01632762661653369,DOWN,-0.0030665823217549235,DOWN,-0.0005481265637101151,NEUTRAL,0.005413254444081717,UP,0.08857171051656296,UP
EVT_053,2022-02-24,Geopolitical,Russian Government / Vladimir Putin,Russia launches a full-scale invasion of Ukraine; President Putin announces a special military operation in a televised address.,-0.010224378977160433,DOWN,-0.010224378977160433,DOWN,-0.017249850301603732,DOWN,-0.012813079142417973,DOWN,-0.012813079142417973,DOWN,-0.011046193761250543,DOWN,0.005840251215883379,UP,0.005840251215883379,UP,0.005390193188042909,UP,-0.09435415694926126,DOWN
EVT_054,2022-02-26,Policy Announce,Western Governments,"The US, EU and allies announce the removal of key Russian banks from SWIFT and sanctions on Russia's central bank.",,,0.0022518600547624407,UP,-0.0111285118525915,DOWN,,,0.0036978105140239312,UP,-0.0016702720594887316,DOWN,,,-0.0042748675446741815,DOWN,-0.0008396643817272273,NEUTRAL,0.18870441437995952,UP
EVT_055,2022-03-08,Policy Announce,US Government / Joe Biden,"President Biden announces a ban on Russian oil, gas and energy imports to the United States.",0.0030252121150615412,UP,0.01358671557952495,UP,0.007142254598386439,UP,-0.0009921833183911659,NEUTRAL,-0.000690822250522346,NEUTRAL,-0.007689641019371561,DOWN,0.0030203966932609,UP,0.006961745131545853,UP,0.024360029843717403,UP,-0.13316550242985495,DOWN
EVT_056,2022-03-16,Monetary Policy,Federal Reserve / Jerome Powell,"The Fed raises rates for the first time since 2018, beginning what it signals will be a sustained tightening cycle against inflation.",0.004782947654196474,UP,0.011795486120154026,UP,0.005488634190117106,UP,0.007227714872060598,UP,0.008694040106161604,UP,0.016721068919652228,UP,0.004874339631526821,UP,0.0016386681841385003,UP,0.0254403498668206,UP,-0.11091686554534999,DOWN
EVT_057,2022-06-15,Monetary Policy,Federal Reserve / Jerome Powell,"The Fed hikes rates by 75 basis points, the largest single increase since 1994, and signals more aggressive action against inflation.",0.0014941669127022307,UP,0.010126326857097119,UP,0.00877721584068441,UP,0.013375022890421535,UP,0.028091939113715474,UP,0.020927186282138553,UP,-0.008752553398927564,DOWN,-0.021463954376492348,DOWN,0.007180617546034301,UP,0.04972212032153732,UP
EVT_058,2022-07-21,Monetary Policy,ECB / Christine Lagarde,The ECB raises rates for the first time in 11 years with a larger-than-expected 50 basis point hike and unveils an anti-fragmentation tool.,0.0037542692053991913,UP,0.0037542692053991913,UP,0.0026000081289648588,UP,0.0020373294494897094,UP,0.0020373294494897094,UP,0.015855897414139775,UP,-0.009415895132172919,DOWN,-0.009415895132172919,DOWN,-0.016641272523410303,DOWN,-0.0034677070491447837,DOWN
EVT_059,2022-08-26,Monetary Policy,Federal Reserve / Jerome Powell,"At Jackson Hole, Chair Powell warns that fighting inflation will bring pain to households and that the Fed must keep at it until the job is done.",,,-0.0032752411283479355,DOWN,-0.0019026954421340482,DOWN,,,-0.011010013196243128,DOWN,-0.023537893283011275,DOWN,,,0.006983319609692152,UP,0.025434708882946078,UP,0.02511237378979406,UP
EVT_060,2022-09-21,Geopolitical,Russian Government / Vladimir Putin,"President Putin announces partial military mobilisation and issues veiled nuclear threats, escalating the war in Ukraine.",-0.014147680973100527,DOWN,-0.01304607634220448,DOWN,-0.03829303904927501,DOWN,-0.011012447666309455,DOWN,-0.010280574140721673,DOWN,-0.05909384136017688,DOWN,0.004959681042610089,UP,-0.009248680445524973,DOWN,0.007554775454457807,UP,0.06667986030611738,UP
EVT_061,2022-09-23,Policy Announce,UK Government / Kwasi Kwarteng,"The UK mini-budget announces the largest unfunded tax cuts in 50 years, triggering a collapse in sterling and gilt market turmoil.",,,-0.015526806604905349,DOWN,-0.0012195389516814978,DOWN,,,-0.0423235851982379,DOWN,-0.008446124334806621,DOWN,,,0.008614759871208185,UP,0.01500494466737356,UP,0.07530086501150463,UP
EVT_062,2022-10-20,Policy Announce,UK Government / Liz Truss,PM Liz Truss resigns after 44 days in office following the market chaos caused by the mini-budget.,0.001270565200929725,UP,0.001270565200929725,UP,0.0327804734082744,UP,0.0009309311753001029,NEUTRAL,0.0009309311753001029,NEUTRAL,0.03739542892097429,UP,0.002366663002057412,UP,0.002366663002057412,UP,-0.024917215093943464,DOWN,-0.009720170642020446,DOWN
EVT_063,2023-01-08,Geopolitical,Brazilian Political Crisis,"Supporters of former President Bolsonaro storm Brazil's Congress, Supreme Court and presidential palace.",0.01266446764454612,UP,0.020387967150276874,UP,0.03161934836583627,UP,0.016987426254529207,UP,0.02013047228956602,UP,0.025321790866741734,UP,-0.010898872744679515,DOWN,-0.009088024400656298,DOWN,-0.031509963298901274,DOWN,-0.0018947901845746671,DOWN
EVT_064,2023-03-19,Policy Announce,Swiss Government / Regulators,"Swiss authorities announce the emergency takeover of Credit Suisse by UBS, containing a banking confidence crisis with political backing.",0.006079118908904215,UP,0.014971297696991353,UP,0.020600425512480668,UP,0.006354007356814938,UP,0.009417745087419946,UP,0.014024991680861462,UP,-0.008161095566255867,DOWN,-0.007677324741486063,DOWN,-0.018945896811561887,DOWN,-0.13627918499635816,DOWN
EVT_065,2023-05-27,Policy Announce,US Government,"President Biden and Speaker McCarthy announce a debt ceiling agreement, averting a US default days before the deadline.",,,-0.0015646423679794366,DOWN,0.0033838805527036226,UP,,,0.002516152056636178,UP,0.01671943229603516,UP,,,0.003023599297981162,UP,-0.009104485576902153,DOWN,-0.02767765946212412,DOWN
EVT_066,2023-07-26,Monetary Policy,Federal Reserve / Jerome Powell,"The Fed raises rates to a 22-year high; Chair Powell keeps options open, saying future decisions depend on incoming data.",0.002522653382695378,UP,-0.006509634775861423,DOWN,-0.003860277304218633,DOWN,0.0025822307003454605,UP,-0.0077960736402659095,DOWN,-0.007642528813539853,DOWN,-0.0038821862794259938,DOWN,-0.014647613342599772,DOWN,0.014492187762589922,UP,0.01055819355116271,UP
EVT_067,2023-10-07,Geopolitical,Hamas / Israeli Government,"Hamas launches a large-scale attack on Israel; PM Netanyahu declares war, opening a major new Middle East conflict.",,,0.003052589756480924,UP,-0.0009382555209491954,NEUTRAL,,,0.005131972460794239,UP,-0.00036558734674720284,NEUTRAL,,,-0.0009164837057185309,NEUTRAL,0.008898516677009444,UP,-0.024363157375538062,DOWN
EVT_068,2023-10-27,Geopolitical,Israeli Government,"Israel launches its ground offensive in Gaza, expanding the war amid international calls for restraint.",,,-0.00019015336292734387,NEUTRAL,0.005158128025038183,UP,,,-0.0019279302415927048,DOWN,0.004500854397773351,UP,,,-0.004218584842235261,DOWN,0.0008708064212159905,NEUTRAL,-0.07414415938657903,DOWN
EVT_069,2024-04-13,Geopolitical,Iranian Government,"Iran launches a direct drone and missile attack on Israel, the first attack from Iranian soil, raising fears of regional war.",,,-0.009469774081370933,DOWN,-0.007736273633398715,DOWN,,,-0.008588190045549159,DOWN,-0.00937199445132603,DOWN,,,0.006597284327423175,UP,0.009213775675024882,UP,0.06106630554732087,UP
EVT_070,2024-06-09,Election,French Government / Emmanuel Macron,President Macron dissolves the National Assembly and calls snap elections after a far-right surge in European elections.,-0.01066294302103243,DOWN,-0.014246003979899766,DOWN,-0.014385530910572214,DOWN,-0.005002434296836582,DOWN,-0.004136467678803002,DOWN,-0.002989147989849243,DOWN,0.007269646660601897,UP,0.009002493605188707,UP,0.009148947057386338,UP,-0.014839538882911918,DOWN
EVT_071,2024-07-21,Election,US Government / Joe Biden,"President Biden withdraws from the presidential race and endorses Vice President Harris, upending the US election campaign.",-0.00021806902047437983,NEUTRAL,-0.004676803149415503,DOWN,-0.004622532159849773,DOWN,-0.0014366946452392363,DOWN,-0.003878038435644639,DOWN,-0.007355420030531281,DOWN,0.0017293544843670961,UP,-0.008832969110099788,DOWN,-0.02221755208776383,DOWN,0.08801976958183216,UP
EVT_072,2024-09-18,Monetary Policy,Federal Reserve / Jerome Powell,"The Fed begins its easing cycle with an outsized 50 basis point rate cut, declaring greater confidence that inflation is moving to target.",-0.0007449134913267066,NEUTRAL,0.003487634875673546,UP,0.006102938164395512,UP,0.002557828157727889,UP,0.008648818137353275,UP,0.01954593187927315,UP,0.004881964630402027,UP,0.005918460344218705,UP,0.006653156063398334,UP,-0.12114853753186332,DOWN
EVT_073,2024-11-06,Election,US Presidential Election,"Donald Trump wins the US presidential election decisively, promising universal tariffs, tax cuts, and mass deportations.",-0.01858962293453205,DOWN,-0.012820136990610947,DOWN,-0.029488523896397528,DOWN,-0.012366775254517497,DOWN,-0.004710688318795063,DOWN,-0.02361485452363303,DOWN,0.01887194220063138,UP,0.011457178808905287,UP,0.021040347927444237,UP,-0.0852807977485128,DOWN
EVT_074,2024-12-04,Geopolitical,South Korean Government,"South Korea's President Yoon declares martial law in a shock late-night address, before parliament votes to overturn it within hours.",0.0003153593821823031,NEUTRAL,0.007088365354642836,UP,0.0021043678196993798,UP,0.002118813365050758,UP,0.0066889536635508905,UP,0.008310688017826851,UP,0.006128968236142791,UP,0.00373513911673381,UP,0.014330813705051754,UP,-0.05188038597556719,DOWN
EVT_075,2025-01-20,Policy Announce,US Government / Donald Trump,"President Trump is inaugurated for a second term, signing a wave of executive orders on trade, energy and immigration.",0.013846491055079109,UP,0.012836200184064209,UP,0.018337448732535237,UP,0.013089949434753721,UP,0.01169748958083686,UP,0.023415218220992663,UP,-0.006785388880284009,DOWN,0.0008569426487042504,NEUTRAL,-0.0036019680313066457,DOWN,-0.06132930213464225,DOWN
EVT_076,2025-02-23,Election,German Federal Election,"Germany holds federal elections; the CDU/CSU wins as the far-right AfD doubles its vote share, complicating coalition building.",-0.002454161343461908,DOWN,0.002239073690579463,UP,-0.010092525054713008,DOWN,-0.0016192876216685676,DOWN,0.0003180503175635257,NEUTRAL,-0.0056590981604350225,DOWN,-0.0001406405910571407,NEUTRAL,-0.002211172095228849,DOWN,0.004034396302064302,UP,0.047717511561381584,UP
EVT_077,2025-04-02,Policy Announce,US Government / Donald Trump,"President Trump announces sweeping Liberation Day reciprocal tariffs on nearly all trading partners, shocking global markets.",0.010385541263550277,UP,0.022689552463804843,UP,0.016941299049815273,UP,0.009491687806518618,UP,0.012732398102927405,UP,-0.010272535769215657,DOWN,-0.012840617543616413,DOWN,-0.024000029439011944,DOWN,-0.02664318948172031,DOWN,0.7450098350674743,UP
EVT_078,2025-04-09,Policy Announce,US Government / Donald Trump,"President Trump announces a 90-day pause on most reciprocal tariffs hours after they took effect, citing negotiations.",-0.002588063832890867,DOWN,0.024948729853658022,UP,0.02803816543152595,UP,0.002689703230717074,UP,0.015598043803950381,UP,0.03382205699092821,UP,0.010598787250872375,UP,-0.014489654016049805,DOWN,-0.018434859845392976,DOWN,0.11081859469241914,UP
EVT_079,2025-06-13,Geopolitical,Israeli Government,"Israel launches strikes on Iranian nuclear and military sites; Iran retaliates, sharply escalating the regional conflict.",,,-0.003763006263429779,DOWN,-0.007569425563590827,DOWN,,,-0.00520037479367034,DOWN,-0.011139661321501019,DOWN,,,0.006244712236178958,UP,0.014035721708623699,UP,-0.08570225833796592,DOWN
EVT_080,2016-12-14,Monetary Policy,Federal Reserve / Janet Yellen,"The Federal Reserve raises interest rates for the second time since the crisis, citing labour market strength and rising confidence in the economic outlook.",-0.010888585673538545,DOWN,-0.01999430464374855,DOWN,-0.02272034245163114,DOWN,-0.009903883465045395,DOWN,-0.01906489040179827,DOWN,-0.023774904648942417,DOWN,0.017097665475038444,UP,0.025846840405064814,UP,0.022746689532212084,UP,-0.07802299881077238,DOWN
EVT_081,2017-03-15,Monetary Policy,Federal Reserve / Janet Yellen,"The Federal Reserve raises interest rates a third time as the recovery firms, with officials signalling a gradual pace of further increases.",0.01175313951260352,UP,0.01517360772943813,UP,0.018670731890093096,UP,0.010375253008530406,UP,0.015807360997378696,UP,0.026348838041807397,UP,-0.011023444605084833,DOWN,-0.011570357764407645,DOWN,-0.027650951749768986,DOWN,-0.030556753973574848,DOWN
EVT_082,2017-06-14,Monetary Policy,Federal Reserve / Janet Yellen,The Federal Reserve raises rates again and announces details of its plan to begin shrinking its balance sheet later in the year.,0.0006166547146009237,NEUTRAL,-0.005544185148607767,DOWN,-0.0064355314298295,DOWN,0.00030614422342835346,NEUTRAL,0.0006121947512543603,NEUTRAL,-0.009302729064081678,DOWN,-0.005548974481605607,DOWN,0.008117463102964375,UP,0.011554445418308523,UP,-0.024739627417794816,DOWN
EVT_083,2017-12-13,Monetary Policy,Federal Reserve / Janet Yellen,"The Federal Reserve raises rates in Chair Yellen's final meeting, while forecasting three more hikes in 2018 as tax cuts boost the outlook.",0.007910432083082026,UP,0.0027515281356267256,UP,0.008372120906677667,UP,0.006749008593850683,UP,0.008480307766818114,UP,0.005047477517516198,UP,-0.00674248669264282,DOWN,-0.010170835227406118,DOWN,-0.004961837947494698,DOWN,-0.07758994441293418,DOWN
EVT_084,2018-03-21,Monetary Policy,Federal Reserve / Jerome Powell,"In his first meeting as Chair, Jerome Powell's Federal Reserve raises rates and signals a slightly steeper hiking path for the year ahead.",0.007785708051778046,UP,0.005947559280632997,UP,0.012650103201025243,UP,0.01004969489820649,UP,0.007817108395651296,UP,0.012173966507503823,UP,-0.005084813155922604,DOWN,-0.014198315691000711,DOWN,-0.009209315457530147,DOWN,0.3310986819375496,UP
EVT_085,2018-06-13,Monetary Policy,Federal Reserve / Jerome Powell,"The Federal Reserve raises rates and revises its projections to show four hikes in total for 2018, up from three.",0.005052684987134998,UP,-0.015585422711245477,DOWN,-0.013686630973956311,DOWN,0.0007625204605664079,NEUTRAL,-0.008707659436657812,DOWN,-0.015011127556994235,DOWN,-0.0019031489485121574,DOWN,0.001745778667029104,UP,-0.003455464582545784,DOWN,-0.07708470216823374,DOWN
EVT_086,2018-09-26,Monetary Policy,Federal Reserve / Jerome Powell,The Federal Reserve raises rates for the third time in 2018 and removes language describing policy as accommodative.,-0.001246155739867916,DOWN,-0.010752420923031239,DOWN,-0.01813805449785213,DOWN,-0.00054029935997145,NEUTRAL,-0.0077068187503401145,DOWN,-0.015134044295869143,DOWN,-0.002348526465964436,DOWN,0.0034286901326732165,UP,0.005367591170531287,UP,-0.0615948723870614,DOWN
EVT_087,2019-09-18,Monetary Policy,Federal Reserve / Jerome Powell,"The Federal Reserve cuts rates for a second consecutive meeting amid trade-war uncertainty, while Chair Powell resists commitment to further cuts.",-0.003912760857539547,DOWN,-0.0023671389597710872,DOWN,-0.005235681011874493,DOWN,-0.002572148658874331,DOWN,0.0017895897094444395,UP,-0.0013368023547905906,DOWN,0.0031222781082650007,UP,-0.00042565165711165365,NEUTRAL,-0.008585381158868586,DOWN,0.09367964979773057,UP
EVT_088,2019-10-30,Monetary Policy,Federal Reserve / Jerome Powell,"The Federal Reserve cuts rates a third time and signals a pause, saying current policy is likely to remain appropriate absent a material change in outlook.",0.003563011187457375,UP,0.0037972452687320907,UP,-0.0036612189051810056,DOWN,0.0027186202982471814,UP,0.005651552645638439,UP,0.0010814680516030822,UP,-0.0007810154964948444,NEUTRAL,-0.008097045583812464,DOWN,0.0024952142888193638,UP,-0.0024360331033140385,DOWN
EVT_089,2020-03-03,Monetary Policy,Federal Reserve / Jerome Powell,"In an unscheduled emergency move, the Federal Reserve cuts rates by half a point, its first inter-meeting cut since the 2008 crisis, as COVID-19 spreads.",0.0032817291958698153,UP,0.007135353052492062,UP,0.022528866814267367,UP,0.004196371690072871,UP,0.014272908278333584,UP,0.023850307882532867,UP,-0.013455752602243017,DOWN,-0.02085435119479619,DOWN,-0.05081457426598062,DOWN,0.13019882521297446,UP
EVT_090,2021-11-03,Monetary Policy,Federal Reserve / Jerome Powell,"The Federal Reserve announces it will begin tapering its pandemic-era bond purchases, a first step toward policy normalisation.",0.0031313349393210293,UP,-0.002082150655488324,DOWN,0.0013904934314455887,UP,0.0056740975081056725,UP,-0.008021160535793702,DOWN,-0.004223437482637228,DOWN,0.0009472505451739497,NEUTRAL,-0.0010974588541342372,DOWN,-0.009256264857506845,DOWN,0.08745272762062908,UP
EVT_091,2021-12-15,Monetary Policy,Federal Reserve / Jerome Powell,The Federal Reserve accelerates the pace of taper amid persistent inflation and pencils in three rate hikes for 2022.,0.0026159220068292816,UP,0.006450873513169443,UP,0.002333768995872614,UP,0.002462512161402664,UP,0.007022151459637561,UP,0.0029534073594767755,UP,0.0034492495098340957,UP,-0.0007035364553470524,NEUTRAL,0.002204360136978,UP,0.11171657187402839,UP
EVT_092,2022-05-04,Monetary Policy,Federal Reserve / Jerome Powell,"The Federal Reserve raises rates by half a point, its largest single hike since 2000, and announces the start of balance-sheet reduction.",0.008883347273825875,UP,0.0010639750755723416,UP,0.0004212214385770127,NEUTRAL,0.009374202080577617,UP,-0.010960082238688558,DOWN,-0.015413475322441517,DOWN,-0.006886689823222851,DOWN,0.001643369953591472,UP,0.0018044564448591507,UP,0.1719744926459885,UP
EVT_093,2022-07-27,Monetary Policy,Federal Reserve / Jerome Powell,The Federal Reserve raises rates by 75 basis points for a second consecutive meeting as it races to contain persistently high inflation.,0.007840516682384753,UP,0.006177678732194553,UP,0.002576207326660459,UP,0.010430036819329042,UP,0.011281863136877715,UP,0.00877721813772353,UP,-0.0062912589474989405,DOWN,-0.018963802632252752,DOWN,-0.026567249332636825,DOWN,-0.08576039322867295,DOWN
EVT_094,2022-11-02,Monetary Policy,Federal Reserve / Jerome Powell,"The Federal Reserve raises rates by 75 basis points for a fourth straight meeting, while Chair Powell hints at a slower future pace.",-0.0064492786516353135,DOWN,-0.013071547228909897,DOWN,0.020336467916189312,UP,-0.009195204950024204,DOWN,-0.028095565532492876,DOWN,0.005484053652661464,UP,-0.0001554729659424671,NEUTRAL,0.0032264569421246404,UP,-0.01787159324282829,DOWN,-0.051985573782294014,DOWN
EVT_095,2022-12-14,Monetary Policy,Federal Reserve / Jerome Powell,The Federal Reserve downshifts to a 50 basis point hike but projects rates will peak higher than previously expected in 2023.,0.004665415530993445,UP,0.001307942745281598,UP,3.197065251424415e-05,NEUTRAL,0.0050666756066851445,UP,-0.013647059950969705,DOWN,-0.013647059950969705,DOWN,-0.001742079085301994,DOWN,0.01585638718929677,UP,-0.027607978825848704,DOWN,0.06766755621915133,UP
EVT_096,2023-02-01,Monetary Policy,Federal Reserve / Jerome Powell,"The Federal Reserve slows further to a 25 basis point hike, with Chair Powell acknowledging that the disinflation process has begun.",0.013889426300071808,UP,0.004059329606196584,UP,-0.0121552513811654,DOWN,0.006569943234751122,UP,-0.007003821699316245,DOWN,-0.02087799161983845,DOWN,-0.01150242744343551,DOWN,-0.01053876303969494,DOWN,0.007137688120804953,UP,0.025415681554776484,UP
EVT_097,2023-03-22,Monetary Policy,Federal Reserve / Jerome Powell,The Federal Reserve raises rates by 25 basis points despite recent banking-sector turmoil following the collapse of Silicon Valley Bank.,0.008884978951823826,UP,0.005629127815489385,UP,0.0060409647448882485,UP,0.004459892916686311,UP,0.004607246593441648,UP,0.008582154327704034,UP,-0.008872062293078693,DOWN,-0.011268572070075868,DOWN,-0.009886424873128418,DOWN,-0.023637484964681772,DOWN
EVT_098,2023-05-03,Monetary Policy,Federal Reserve / Jerome Powell,"The Federal Reserve raises rates again and signals a possible pause, removing prior guidance about the need for additional firming.",0.0052549776984911626,UP,0.0010907130123683387,UP,-0.0042083215637226095,DOWN,0.0073758456449726385,UP,0.00852024343711002,UP,0.011797268108573308,UP,-0.014184194126021524,DOWN,-0.016900788595838136,DOWN,-0.008669726453999077,DOWN,-0.06475662468558753,DOWN
EVT_099,2023-09-20,Monetary Policy,Federal Reserve / Jerome Powell,"The Federal Reserve holds rates steady but signals a higher-for-longer stance, with officials projecting one more hike in 2023.",-0.0027202094957808733,DOWN,-0.0019209908865360837,DOWN,-0.010593759493952243,DOWN,-0.0052287767641613315,DOWN,-0.008048089122008963,DOWN,-0.0201095090005021,DOWN,0.0039112991639461995,UP,-0.0006635873414335623,NEUTRAL,0.008780722437315048,UP,0.127569157490513,UP
EVT_100,2023-12-13,Monetary Policy,Federal Reserve / Jerome Powell,"The Federal Reserve holds rates steady and the dot plot signals three rate cuts in 2024, sparking a rally across risk assets.",0.00806654911765591,UP,0.0178905089590845,UP,0.0167477087923315,UP,0.004144333931081376,UP,0.015838140104528112,UP,0.012803134273456782,UP,-0.01740698510721231,DOWN,-0.020872938885757857,DOWN,-0.0096206848540789,DOWN,0.0073559919038267176,UP
EVT_101,2024-07-31,Monetary Policy,Federal Reserve / Jerome Powell,The Federal Reserve holds rates steady while Chair Powell opens the door to a rate cut as soon as the September meeting.,0.0007249515519942542,NEUTRAL,-0.0026356237221359206,DOWN,0.010131810040784924,UP,0.001258722325153645,UP,-0.008449542557479645,DOWN,-0.01193111608586669,DOWN,-0.019351525850184004,DOWN,-0.022984300115952157,DOWN,-0.053394997996815796,DOWN,0.35746918601938277,UP
EVT_102,2024-11-07,Monetary Policy,Federal Reserve / Jerome Powell,"The Federal Reserve cuts rates by 25 basis points, its second cut of the cycle, days after Donald Trump's election victory.",0.005769485943921089,UP,0.005769485943921089,UP,-0.0158657655105603,DOWN,0.007656086935722524,UP,0.007656086935722524,UP,-0.013792675705964515,DOWN,-0.00741476339172595,DOWN,-0.00741476339172595,DOWN,0.007160625148637246,UP,-0.017253263686007284,DOWN
EVT_103,2024-12-18,Monetary Policy,Federal Reserve / Jerome Powell,"The Federal Reserve cuts rates by 25 basis points but signals a slower pace of cuts in 2025, adopting a more hawkish tone.",-0.013892921674058333,DOWN,-0.012473933270395582,DOWN,-0.008850040846672807,DOWN,-0.01132452169921236,DOWN,-0.01688910294442204,DOWN,-0.013847393555712842,DOWN,0.007143684860665621,UP,0.026169755497206407,UP,0.02275751471973859,UP,-0.4083657599302418,DOWN
EVT_104,2016-03-10,Monetary Policy,ECB / Mario Draghi,"The ECB cuts its deposit rate deeper into negative territory, cuts the refi rate to zero, and expands its asset purchase programme.",0.017090344189194393,UP,0.017090344189194393,UP,0.020707497850989565,UP,0.005670407986890233,UP,0.005670407986890233,UP,0.0033869517377270496,UP,-0.003476121578434838,DOWN,-0.003476121578434838,DOWN,-0.004433532686602419,DOWN,-0.08978526160424032,DOWN
EVT_105,2019-09-12,Monetary Policy,ECB / Mario Draghi,"In one of his final major decisions as President, Mario Draghi's ECB cuts the deposit rate and relaunches open-ended quantitative easing.",0.004061228432765623,UP,0.004061228432765623,UP,0.0016313556065973712,UP,-0.0004316146742719091,NEUTRAL,-0.0004316146742719091,NEUTRAL,0.010951393260709793,UP,0.0014338663477261385,UP,0.0014338663477261385,UP,0.003733030734034177,UP,-0.03433817301735544,DOWN
EVT_106,2021-12-16,Monetary Policy,ECB / Christine Lagarde,"The ECB announces it will end its pandemic emergency purchase programme in March 2022, a first step toward withdrawing crisis-era stimulus.",0.0038349515063402,UP,0.0038349515063402,UP,0.003370381239675546,UP,0.004559639298234817,UP,0.004559639298234817,UP,0.0066803650041692185,UP,-0.004152785965181183,DOWN,-0.004152785965181183,DOWN,-0.00013142544957100614,NEUTRAL,0.0474697574240046,UP
EVT_107,2023-02-02,Monetary Policy,ECB / Christine Lagarde,The ECB raises rates by 50 basis points and signals another 50 basis point increase at its next meeting to fight persistent inflation.,-0.009830096693875398,DOWN,-0.009830096693875398,DOWN,-0.02734218895106528,DOWN,-0.013573764934067424,DOWN,-0.013573764934067424,DOWN,-0.02604861410704852,DOWN,0.0009636644037406369,NEUTRAL,0.0009636644037406369,NEUTRAL,0.02126929267133681,UP,-0.02158743432649611,DOWN
EVT_108,2023-05-04,Monetary Policy,ECB / Christine Lagarde,The ECB slows the pace of tightening to a 25 basis point hike as inflation pressures begin to moderate.,-0.004164264686122795,DOWN,-0.004164264686122795,DOWN,-0.007696401119012304,DOWN,0.0011443977921375638,UP,0.0011443977921375638,UP,0.004605818821686304,UP,-0.0027165944698167082,DOWN,-0.0027165944698167082,DOWN,-0.003402445383800008,DOWN,-0.15589433595937743,DOWN
EVT_109,2023-09-14,Monetary Policy,ECB / Christine Lagarde,The ECB raises rates by 25 basis points to a record high and signals that the peak of the tightening cycle has likely been reached.,-0.009082696335297987,DOWN,-0.009082696335297987,DOWN,-0.007592397780323249,DOWN,-0.007044233732153566,DOWN,-0.007044233732153566,DOWN,-0.012942436108583092,DOWN,0.0009225826736127158,NEUTRAL,0.0009225826736127158,NEUTRAL,0.006595322870213619,UP,0.07293726135107188,UP
EVT_110,2023-10-26,Monetary Policy,ECB / Christine Lagarde,"The ECB holds interest rates steady for the first time in over a year, formally ending its aggressive tightening cycle.",-0.000264123396465434,NEUTRAL,-0.000264123396465434,NEUTRAL,0.0018721355623261566,UP,0.0027755862381520354,UP,0.0027755862381520354,UP,0.00648432202752363,UP,0.0017838421863541954,UP,0.0017838421863541954,UP,0.003172816579172527,UP,0.028130586336432287,UP
EVT_111,2024-06-06,Monetary Policy,ECB / Christine Lagarde,"The ECB cuts interest rates for the first time since 2019, moving ahead of the Federal Reserve in beginning its easing cycle.",0.0018284745320394033,UP,0.0018284745320394033,UP,-0.005660451379531816,DOWN,-0.00011516525108132957,NEUTRAL,-0.00011516525108132957,NEUTRAL,0.00011515198957341216,NEUTRAL,-0.0014889301052845045,DOWN,-0.0014889301052845045,DOWN,0.005570346456909132,UP,-0.029034269612359307,DOWN
EVT_112,2024-09-12,Monetary Policy,ECB / Christine Lagarde,The ECB cuts interest rates for a second time in 2024 as inflation continues to ease across the eurozone.,0.006063349541865301,UP,0.006063349541865301,UP,0.009392320486273857,UP,0.007092508712099702,UP,0.007092508712099702,UP,0.012319655249753722,UP,-0.007680753726966889,DOWN,-0.007680753726966889,DOWN,0.0008412925465909573,NEUTRAL,-0.030332402221190383,DOWN
EVT_113,2024-10-17,Monetary Policy,ECB / Christine Lagarde,"The ECB cuts interest rates for a third time, accelerating its pace of easing amid growing concerns over eurozone growth.",-0.003036945137003784,DOWN,-0.003036945137003784,DOWN,-0.007575059399769306,DOWN,0.001963477143966601,UP,0.001963477143966601,UP,-0.005906099786975318,DOWN,0.003497127507842794,UP,0.003497127507842794,UP,0.021122306395667284,UP,-0.058174714892312955,DOWN
EVT_114,2024-12-12,Monetary Policy,ECB / Christine Lagarde,"The ECB cuts interest rates for a fourth time in 2024, continuing its steady easing cycle as inflation nears target.",-0.0031261282522741423,DOWN,-0.0031261282522741423,DOWN,-0.015016566278341347,DOWN,-0.006996944261850604,DOWN,-0.006996944261850604,DOWN,-0.015681109404746388,DOWN,0.002243928726204531,UP,0.002243928726204531,UP,0.015822204572802596,UP,-0.007933662580970936,DOWN
EVT_115,2025-01-30,Monetary Policy,ECB / Christine Lagarde,"The ECB cuts interest rates again, continuing its gradual easing cycle as growth in the eurozone remains sluggish.",-0.0026861791364861222,DOWN,-0.0026861791364861222,DOWN,-0.002342963033186678,DOWN,-0.002523984111517385,DOWN,-0.002523984111517385,DOWN,0.003907360758405204,UP,-0.006939003244346213,DOWN,-0.006939003244346213,DOWN,-0.01666182334017157,DOWN,0.0365705546041249,UP
EVT_116,2025-03-06,Monetary Policy,ECB / Christine Lagarde,The ECB cuts interest rates further while President Lagarde warns that escalating US tariff threats pose a significant risk to the eurozone outlook.,-0.000647444013491739,NEUTRAL,-0.000647444013491739,NEUTRAL,0.008423088063850254,UP,-0.0005128680269935516,NEUTRAL,-0.0005128680269935516,NEUTRAL,0.005597866137624722,UP,-0.005319725244147384,DOWN,-0.005319725244147384,DOWN,-0.004165792966428156,DOWN,-0.062209107098641185,DOWN
EVT_117,2016-08-04,Monetary Policy,BoE / Mark Carney,"The Bank of England cuts interest rates to a record low of 0.25% and expands its asset purchase programme, its first stimulus package since the Brexit referendum.",-0.0015043550709452347,DOWN,-0.0015043550709452347,DOWN,0.0031273738466493,UP,-0.01502718766070171,DOWN,-0.01502718766070171,DOWN,-0.023368712865501063,DOWN,-0.0013627257644518757,DOWN,-0.0013627257644518757,DOWN,-0.002015062169931053,DOWN,-0.0865722750466002,DOWN
EVT_118,2021-12-16,Monetary Policy,BoE / Andrew Bailey,"The Bank of England becomes the first major central bank to raise interest rates since the pandemic began, surprising markets that had expected a hold.",0.0038349515063402,UP,0.0038349515063402,UP,0.003370381239675546,UP,0.004559639298234817,UP,0.004559639298234817,UP,0.0066803650041692185,UP,-0.004152785965181183,DOWN,-0.004152785965181183,DOWN,-0.00013142544957100614,NEUTRAL,0.0474697574240046,UP
EVT_119,2022-09-28,Monetary Policy,BoE / Andrew Bailey,The Bank of England launches emergency bond purchases to calm a collapsing gilt market in the wake of the government's mini-budget.,0.011601697507510717,UP,0.024027423755389,UP,0.03965000447512931,UP,0.010059233554244078,UP,0.04036714288464861,UP,0.0652926402496222,UP,-0.0020270531136921803,DOWN,-0.0017985112326092902,DOWN,-0.006267338710013529,DOWN,0.04661039487098852,UP
EVT_120,2023-08-03,Monetary Policy,BoE / Andrew Bailey,"The Bank of England raises interest rates to 5.25%, a fourteenth consecutive increase, while signalling that the tightening cycle is nearing its peak.",0.000678808663551108,NEUTRAL,0.000678808663551108,NEUTRAL,0.003058075427416377,UP,-0.0003179324817678507,NEUTRAL,-0.0003179324817678507,NEUTRAL,-2.539714076128916e-05,NEUTRAL,-0.005217761835847311,DOWN,-0.005217761835847311,DOWN,0.0026684067193381124,UP,0.07150230060821507,UP
EVT_121,2024-08-01,Monetary Policy,BoE / Andrew Bailey,"The Bank of England cuts interest rates for the first time since the pandemic began, narrowly voting to ease policy as inflation cools.",-0.003360575274130169,DOWN,-0.003360575274130169,DOWN,0.009581627686437607,UP,-0.009708264882633343,DOWN,-0.009708264882633343,DOWN,-0.013532355221097268,DOWN,-0.0036327742657681814,DOWN,-0.0036327742657681814,DOWN,-0.024471663564785587,DOWN,0.22968474456012028,UP
EVT_122,2024-11-07,Monetary Policy,BoE / Andrew Bailey,"The Bank of England cuts interest rates for a second time in 2024, continuing a cautious and gradual easing cycle.",0.005769485943921089,UP,0.005769485943921089,UP,-0.0158657655105603,DOWN,0.007656086935722524,UP,0.007656086935722524,UP,-0.013792675705964515,DOWN,-0.00741476339172595,DOWN,-0.00741476339172595,DOWN,0.007160625148637246,UP,-0.017253263686007284,DOWN
EVT_123,2016-01-29,Monetary Policy,BoJ / Haruhiko Kuroda,"The Bank of Japan adopts a negative interest rate policy for the first time in its history, unsettling markets before the yen rebounds sharply.",,,-0.010206691073721262,DOWN,0.02376173109427248,UP,,,-0.00811032412465341,DOWN,0.01513666964433143,UP,,,0.020061405028423667,UP,-0.01750713098868324,DOWN,-0.010950891867125737,DOWN
EVT_124,2022-09-22,Policy Announce,Japanese Government / Ministry of Finance,"Japan intervenes directly in currency markets to support the yen for the first time since 1998, after USD/JPY breaches the 145 level.",0.0011016046308961233,UP,0.0011016046308961233,UP,-0.012543660568663684,DOWN,0.000731873525587816,NEUTRAL,0.000731873525587816,NEUTRAL,-0.0380221601396234,DOWN,-0.014208361488135179,DOWN,-0.014208361488135179,DOWN,0.000568041298155295,NEUTRAL,0.08981061284051299,UP
EVT_125,2024-03-19,Monetary Policy,BoJ / Kazuo Ueda,"The Bank of Japan ends its negative interest rate policy and yield curve control programme, delivering its first rate hike since 2007.",-0.0009782543487731165,NEUTRAL,-0.0010651688256408474,DOWN,-0.0032894336659390296,DOWN,-0.0006107894040706267,NEUTRAL,-0.0051413594271985195,DOWN,-0.007038826951148557,DOWN,0.012599358914162419,UP,0.016550835270445135,UP,0.01483473345417014,UP,-0.05656264027913959,DOWN
EVT_126,2024-07-31,Monetary Policy,BoJ / Kazuo Ueda,"The Bank of Japan raises interest rates again and signals further tightening ahead, surprising markets already unsettled by a strengthening yen.",0.0007249515519942542,NEUTRAL,-0.0026356237221359206,DOWN,0.010131810040784924,UP,0.001258722325153645,UP,-0.008449542557479645,DOWN,-0.01193111608586669,DOWN,-0.019351525850184004,DOWN,-0.022984300115952157,DOWN,-0.053394997996815796,DOWN,0.35746918601938277,UP
EVT_127,2024-08-05,Geopolitical,Global Financial Markets,Global equity markets suffer one of their sharpest single-day selloffs in years as a rapid unwinding of the yen carry trade triggers a historic crash in Japanese stocks.,0.0036727188635252233,UP,0.0015833103242025473,UP,0.0002727792690251016,NEUTRAL,6.404041614293718e-05,NEUTRAL,-0.00844262749210838,DOWN,-0.0029368380132583955,DOWN,0.0014139469662255812,UP,0.0037022907614616854,UP,0.009965073797580912,UP,-0.4832094015093081,DOWN
EVT_128,2018-10-28,Election,Brazilian Presidential Election,"Jair Bolsonaro wins Brazil's presidential election on a market-friendly, pro-reform platform, boosting Brazilian assets.",0.0018334180682723267,UP,-0.0027724673371270375,DOWN,0.0022325245643728987,UP,0.000500243231975817,NEUTRAL,-0.009064225661199162,DOWN,0.01386935006377898,UP,-0.003941905517534046,DOWN,0.006228922081011299,UP,0.003243491366242866,UP,-0.12928311259783928,DOWN
EVT_129,2019-05-23,Election,Indian General Election,"Narendra Modi's BJP wins a landslide re-election in India's general election, reinforcing expectations of policy continuity.",0.002602643865678214,UP,0.002602643865678214,UP,-0.0016273293909161923,DOWN,3.7934165589620405e-05,NEUTRAL,3.7934165589620405e-05,NEUTRAL,-0.002744393122947208,DOWN,-0.006033370134328874,DOWN,-0.006033370134328874,DOWN,-0.006179411580900341,DOWN,-0.06532683429639556,DOWN
EVT_130,2022-10-30,Election,Brazilian Presidential Election,"Luiz Inacio Lula da Silva narrowly defeats incumbent Jair Bolsonaro in Brazil's presidential runoff, raising uncertainty over fiscal policy direction.",-0.0012850891507327354,DOWN,-0.009059402025336364,DOWN,-0.02213094925424636,DOWN,0.0025825443244999026,UP,-0.0066399115246304,DOWN,-0.0347354770571233,DOWN,0.01045958266732056,UP,0.01115614966260811,UP,0.01438260660473265,UP,0.00426276983611439,UP
EVT_131,2024-06-04,Election,Indian General Election,"Narendra Modi's BJP unexpectedly loses its outright parliamentary majority, forcing a coalition government and triggering a sharp selloff in Indian equities.",-0.0023423607924120534,DOWN,-0.0011882755165694779,DOWN,-0.013208478992642802,DOWN,-0.002903630457257449,DOWN,-0.0013185751690724407,DOWN,-0.006562838964366919,DOWN,-0.006118342464911137,DOWN,-0.002431243096455975,DOWN,0.0061574133023010414,UP,-0.07410793870711291,DOWN
EVT_132,2024-10-27,Election,Japanese General Election,"Japan's ruling LDP loses its parliamentary majority in a snap election under new PM Shigeru Ishiba, raising domestic political uncertainty.",-0.0025512817216714694,DOWN,-0.000324723893917987,NEUTRAL,0.005709687602917557,UP,-0.0011669194231956042,DOWN,0.0031314950124688608,UP,-0.0058468755839092695,DOWN,0.007672218948976827,UP,0.009775282349542804,UP,0.0012970045337675922,UP,0.0009833067465662311,NEUTRAL
EVT_133,2018-06-09,Geopolitical,G7 Summit,"The G7 summit ends in open discord as President Trump refuses to sign the joint communique, escalating trade tensions with US allies.",,,-0.0017912736566221914,DOWN,-0.019575966806537042,DOWN,,,-0.003349164852454322,DOWN,-0.012190621542260803,DOWN,,,0.006288655194231191,UP,0.008632174218816301,UP,0.013050743505315385,UP
EVT_134,2019-05-30,Policy Announce,US Government / Donald Trump,"President Trump threatens escalating tariffs on all Mexican goods unless Mexico curbs illegal immigration, rattling markets before the threat is later suspended.",-0.0005567402489159767,NEUTRAL,-0.0005567402489159767,NEUTRAL,0.008197137678468297,UP,-0.0015647926154326993,DOWN,-0.0015647926154326993,DOWN,0.004671190397714892,UP,-0.0016902553313097911,DOWN,-0.0016902553313097911,DOWN,-0.01114434696274998,DOWN,0.07835163395029686,UP
EVT_135,2019-06-29,Policy Announce,US-China G20 Meeting,"Presidents Trump and Xi meet at the G20 Osaka summit and agree to resume trade talks, pausing further tariff escalation.",,,-0.007545865232029622,DOWN,-0.007692571448025963,DOWN,,,-0.0025954593398024852,DOWN,-0.00747702724236784,DOWN,,,0.005728460223895581,UP,0.0005659531054173268,NEUTRAL,-0.15381914113461562,DOWN
EVT_136,2021-01-20,Policy Announce,US Government / Joe Biden,"Joe Biden is inaugurated as US President, signalling a return to multilateral diplomacy and a reversal of several Trump-era trade and climate policies.",-0.0019161371485267263,DOWN,0.002256746966640231,UP,0.001985394561353149,UP,0.0017752603512495066,UP,0.00622741366282636,UP,0.007106413894909992,UP,-0.003297178843819315,DOWN,-0.0037705041218475204,DOWN,-0.002833798018366737,DOWN,0.015176190348483843,UP
EVT_137,2023-08-24,Policy Announce,BRICS Summit,"The BRICS bloc announces a major expansion inviting six new member states, signalling a shift in global economic alignment.",-0.006152814519424532,DOWN,-0.006152814519424532,DOWN,0.0061253296184985255,UP,-0.010087193587144596,DOWN,-0.010087193587144596,DOWN,-0.0006879099032468009,NEUTRAL,0.009589377782542749,UP,0.009589377782542749,UP,0.009808415458055188,UP,-0.09252339379134868,DOWN
EVT_138,2015-01-15,Monetary Policy,SNB / Thomas Jordan,"The Swiss National Bank unexpectedly abandons its franc-euro exchange rate cap, causing a historic surge in the franc and severe disruption across global currency markets.",,,,,,,,,,,,,,,,,,,,
EVT_139,2022-06-16,Monetary Policy,SNB / Thomas Jordan,"The Swiss National Bank surprises markets with its first interest rate hike in 15 years, ending its negative interest rate era earlier than expected.",0.008632159944394863,UP,0.008632159944394863,UP,0.010268261554741228,UP,0.014716916223294093,UP,0.014716916223294093,UP,0.006265037148889753,UP,-0.012711400977564746,DOWN,-0.012711400977564746,DOWN,0.014133674197280423,UP,-0.056819326608450633,DOWN
EVT_140,2018-06-24,Monetary Policy,PBOC / Chinese Government,The People's Bank of China cuts the reserve requirement ratio for major banks to support the economy amid escalating trade tensions with the United States.,0.004781358516060751,UP,0.0038256042379239304,UP,-0.003695435658751643,DOWN,0.0011001681489768058,UP,-0.002024887706232248,DOWN,-0.013121687629445582,DOWN,-0.00013649631468999645,NEUTRAL,0.0013178579469010205,UP,0.004844878088080753,UP,0.2628668615688047,UP
EVT_141,2023-08-15,Monetary Policy,PBOC / Chinese Government,The People's Bank of China cuts key policy rates as a slew of weak economic data signals a deepening slowdown in the world's second-largest economy.,-0.0005235270892915599,NEUTRAL,-0.0032349478446658626,DOWN,-0.0010576103389250166,DOWN,0.0012693610703309584,UP,0.005112497170362508,UP,0.005941648502274149,UP,0.0011751122319749133,UP,0.0019028486200961426,UP,0.005492497726320204,UP,0.04977331777560887,UP
EVT_142,2016-11-30,Policy Announce,OPEC,"OPEC agrees its first oil production cut deal in eight years, sending crude oil prices sharply higher and boosting commodity-linked currencies.",-0.005310066148516394,DOWN,0.001374689532562727,UP,0.006731204890210995,UP,0.002000724329339655,UP,0.007775243780937413,UP,0.014216715432570626,UP,0.019581184251305454,UP,0.012713323737128376,UP,0.013967971600332276,UP,0.05757509549307445,UP
EVT_143,2020-03-08,Geopolitical,Saudi Arabia / Russia,"Saudi Arabia launches an oil price war with Russia after OPEC+ production-cut talks collapse, triggering a historic crash in oil prices.",0.014345408615899148,UP,0.008221444197824328,UP,-0.0034733798061461303,DOWN,0.011409630066325697,UP,-0.0031678959707384744,DOWN,-0.029816816579113038,DOWN,-0.021981392854217737,DOWN,-0.011568046587318826,DOWN,-0.015536839248004891,DOWN,0.2508905134948021,UP
EVT_144,2020-04-12,Policy Announce,OPEC+,OPEC+ agrees a record production cut of nearly 10 million barrels per day in an emergency deal to support prices amid collapsing pandemic-era demand.,0.00048098003060578255,NEUTRAL,0.005291880871267301,UP,-0.006328665090348367,DOWN,0.0004983498484554685,NEUTRAL,0.013668842721313385,UP,0.00264392725942445,UP,-0.002074704209371246,DOWN,-0.013511909164399146,DOWN,-0.005690364110077818,DOWN,-0.02011940445986284,DOWN
EVT_145,2022-10-05,Policy Announce,OPEC+,"OPEC+ announces a major production cut of two million barrels per day, defying pressure from the United States ahead of the midterm elections.",-0.0073711760409446,DOWN,-0.019752371011953682,DOWN,-0.028873138793445656,DOWN,-0.008415522130070853,DOWN,-0.025584333292703345,DOWN,-0.043143386904036844,DOWN,0.004593483880150978,UP,0.008669626182089614,UP,0.014382724933754422,UP,0.09387630556585218,UP
EVT_146,2023-03-10,Policy Announce,US Regulators / Silicon Valley Bank,"Silicon Valley Bank collapses and is taken over by regulators in the largest US bank failure since the 2008 financial crisis, triggering fears of wider banking contagion.",,,0.00930472022571737,UP,0.002777056332167817,UP,,,0.013068595008861397,UP,0.015644796535567256,UP,,,-0.01042853150744912,DOWN,-0.022442922898402048,DOWN,0.06705556017148671,UP
EVT_147,2023-03-12,Policy Announce,US Regulators / Federal Reserve,US regulators announce emergency measures to guarantee all Silicon Valley Bank deposits and launch a new Federal Reserve lending facility to stem banking-sector contagion.,0.00930472022571737,UP,0.013415720757838872,UP,0.002777056332167817,UP,0.013068595008861397,UP,0.019078007569123718,UP,0.015644796535567256,UP,-0.01042853150744912,DOWN,-0.014756989143490624,DOWN,-0.022442922898402048,DOWN,0.05262306243949451,UP
EVT_148,2019-01-30,Monetary Policy,Federal Reserve / Jerome Powell,"The Federal Reserve signals a 'patient' pause on further rate hikes, a sharp dovish pivot after the December 2018 hike had unsettled markets.",0.004561711164055767,UP,0.0012358038338926049,UP,-0.00222729978604656,DOWN,0.0028032231102147484,UP,0.00221305350750925,UP,-0.009464504350316245,DOWN,-0.003992688424287844,DOWN,-0.0052505885990469904,DOWN,0.00477760617648658,UP,-0.09000156150978295,DOWN
EVT_149,2021-06-16,Monetary Policy,Federal Reserve / Jerome Powell,"The Federal Reserve's updated projections shift markedly more hawkish, pulling forward the expected timing of future rate hikes and surprising markets.",-0.010903186645947914,DOWN,-0.017776956220578087,DOWN,-0.015821335664145408,DOWN,-0.006470612485239705,DOWN,-0.010199098612816818,DOWN,-0.009390365689873425,DOWN,0.006212241815895612,UP,0.002186820086579583,UP,0.005164502391308721,UP,0.13146319743505708,UP
EVT_150,2022-01-26,Monetary Policy,Federal Reserve / Jerome Powell,"The Federal Reserve signals an imminent March rate hike and confirms the end of its bond-buying programme, a decisively hawkish pivot amid persistent inflation.",-0.005411465673910041,DOWN,-0.014031746523497857,DOWN,-0.002709474024289287,DOWN,-0.003170104718133072,DOWN,-0.00910521272981213,DOWN,0.0010813251491841975,UP,0.007401743961411548,UP,0.012886944672023708,UP,0.007532482092058266,UP,-0.14449777153197854,DOWN
EVT_151,2020-11-09,Policy Announce,Pfizer / BioNTech,"Pfizer and BioNTech announce that their COVID-19 vaccine candidate is more than 90 percent effective in trials, triggering a sharp global equity market rally.",-0.0055386456714018525,DOWN,-0.00952238998092363,DOWN,-0.004023588096105407,DOWN,-0.0008300675650664896,NEUTRAL,0.003300596758327089,UP,0.003023002161047191,UP,0.01808200032036073,UP,0.02072267850813566,UP,0.013687617996822865,UP,-0.015655882024437705,DOWN
EVT_152,2023-05-14,Election,Turkish Presidential Election,"Turkey's presidential election proceeds to a runoff as incumbent Recep Tayyip Erdogan fails to secure an outright majority, keeping the lira under pressure.",-0.005462812705340129,DOWN,-0.004268324596702788,DOWN,-0.012610960097560056,DOWN,-0.004579986984963762,DOWN,-0.0018994294783997653,DOWN,-0.007687840151214703,DOWN,0.009795913574146305,UP,0.01426227167871516,UP,0.030187004054138395,UP,-0.009439588689390675,DOWN
EVT_153,2023-05-28,Election,Turkish Presidential Election,"Recep Tayyip Erdogan wins Turkey's presidential runoff election, extending his rule into a third decade amid ongoing concerns over economic policy direction.",-0.00012872774100575668,NEUTRAL,0.0008046729686528035,NEUTRAL,0.0033838805527036226,UP,0.0023185337571370243,UP,0.007567384651326466,UP,0.01671943229603516,UP,0.006080761984924728,UP,-0.001608174780675576,DOWN,-0.009104485576902153,DOWN,-0.0005572710381301419,NEUTRAL
EVT_154,2022-02-27,Policy Announce,German Government / Olaf Scholz,"Chancellor Scholz announces a historic increase in German defence spending and a special 100 billion euro fund, describing the shift as a Zeitenwende in response to Russia's invasion of Ukraine.",-0.0008614158561598332,NEUTRAL,-0.005190154736526944,DOWN,-0.0111285118525915,DOWN,0.0,NEUTRAL,-0.0028578056352786606,DOWN,-0.0016702720594887316,DOWN,0.00012112979190830563,NEUTRAL,-0.006406151702509418,DOWN,-0.0008396643817272273,NEUTRAL,0.10811133690497142,UP
EVT_155,2015-01-21,Monetary Policy,BoC / Stephen Poloz,"The Bank of Canada unexpectedly cuts interest rates, citing the sharp collapse in oil prices as a significant risk to the Canadian economy.",,,,,,,,,,,,,,,,,,,,
EVT_156,2022-03-02,Monetary Policy,BoC / Tiff Macklem,"The Bank of Canada raises interest rates for the first time since the pandemic began, joining the global tightening cycle.",-0.0018353165879163118,DOWN,-0.00593835711606456,DOWN,-0.021291393751765527,DOWN,0.004624691016445998,UP,0.0011875335757899016,UP,-0.017842269757218764,DOWN,0.005956093674668812,UP,0.005566487320782247,UP,0.00771186349226479,UP,0.039545962427030366,UP
EVT_157,2022-07-13,Monetary Policy,BoC / Tiff Macklem,"The Bank of Canada delivers a surprise full percentage point rate hike, its largest single increase since 1998, to combat persistent inflation.",-4.0160580542073956e-05,NEUTRAL,-0.0007421618120207861,NEUTRAL,0.01956407709144842,UP,-0.0011751438473181972,DOWN,-0.0032136789589791255,DOWN,0.010531493153582146,UP,0.006575528651661922,UP,0.016257552634754195,UP,0.010657836705948573,UP,-0.10155635053886763,DOWN
EVT_158,2015-06-29,Policy Announce,Greek Government,Greece imposes capital controls and closes its banks ahead of the bailout referendum as fears of a Greek exit from the euro intensify.,0.02234041188051138,UP,0.005326031516871964,UP,0.0018234570715670933,UP,0.0024669527800349885,UP,-0.005633649484830391,DOWN,-0.008780893139557613,DOWN,0.000472914105853114,NEUTRAL,0.005757706531146988,UP,-0.001673354974426727,DOWN,-0.11572940851355987,DOWN
EVT_159,2015-07-13,Policy Announce,Eurozone Summit,"Greece and its eurozone creditors reach an agreement on a third bailout programme after an all-night emergency summit, averting an imminent Greek exit from the euro.",-0.012530463436316726,DOWN,-0.01680752317674515,DOWN,-0.02721528500103078,DOWN,-0.002169814475846355,DOWN,0.007584976012637861,UP,0.005429817405939347,UP,0.008729400318557722,UP,0.011154256411327277,UP,0.013347663604075823,UP,-0.13785728347813112,DOWN
EVT_160,2018-11-06,Election,US Midterm Elections,"Democrats regain control of the US House of Representatives in the midterm elections, setting up a divided Congress for the remainder of the Trump presidency.",0.0022395351045813323,UP,-0.003906994097462439,DOWN,-0.015851775622960865,DOWN,0.004161168608154577,UP,0.0006662072212841255,NEUTRAL,-0.015445259499600888,DOWN,0.0010325871870359375,UP,0.006223645337635241,UP,0.003965749269366037,UP,-0.13705336602151927,DOWN
EVT_161,2022-11-08,Election,US Midterm Elections,"Republicans narrowly win control of the US House in the midterm elections while Democrats retain the Senate, resulting in a closely divided Congress.",0.006190521830417323,UP,0.017178334219025267,UP,0.02956698115873091,UP,0.0030107941661715325,UP,0.015308804894225326,UP,0.02015901128121297,UP,-0.00910529272418528,DOWN,-0.033919422733202746,DOWN,-0.04540788534611873,DOWN,-0.12584206285272226,DOWN
EVT_162,2021-03-23,Geopolitical,Suez Canal Authority,"The container ship Ever Given runs aground and blocks the Suez Canal for six days, disrupting an estimated ten percent of global trade and roiling shipping and commodity markets.",-0.0078093163477120295,DOWN,-0.013193952119925995,DOWN,-0.01367083732143546,DOWN,-0.00957459992028157,DOWN,-0.008214427626296978,DOWN,-0.00632902203096553,DOWN,-0.0023562739741710024,DOWN,0.0036980141204034857,UP,0.009697600022873811,UP,-0.07357753889698102,DOWN
EVT_163,2021-09-20,Policy Announce,China Evergrande Group,"Heavily indebted property developer China Evergrande misses bond payments, triggering fears of contagion across China's real estate sector and broader financial markets.",2.3374235536795343e-05,NEUTRAL,-0.00360637275076007,DOWN,-0.0005863639049986569,NEUTRAL,-0.004889476255109508,DOWN,-0.008231295640599578,DOWN,-0.004424881854841354,DOWN,-0.0048676919056500415,DOWN,-0.0013558402544006651,DOWN,0.00718511044451546,UP,-0.3221068461019434,DOWN
EVT_164,2023-08-17,Policy Announce,China Evergrande Group,"China Evergrande files for bankruptcy protection in the United States, marking a new phase in China's prolonged property sector crisis.",-2.170477883410121e-05,NEUTRAL,-2.170477883410121e-05,NEUTRAL,-0.0008369616414010905,NEUTRAL,0.0017325756882546864,UP,0.0017325756882546864,UP,-0.000597997639227048,NEUTRAL,-0.0042389681811068015,DOWN,-0.0042389681811068015,DOWN,-0.01140874365026529,DOWN,-0.03353540600052895,DOWN
EVT_165,2018-08-10,Geopolitical,US Government / Donald Trump,"President Trump announces a doubling of tariffs on Turkish steel and aluminium amid a diplomatic dispute, sharply deepening a currency crisis in Turkey.",,,-0.011275742016472816,DOWN,-0.013324692257873411,DOWN,,,-0.0054372675174291845,DOWN,-0.008914328989612978,DOWN,,,-0.004167475025805913,DOWN,-0.0007834991261129263,NEUTRAL,0.11609298315080728,UP
EVT_166,2018-08-13,Policy Announce,Turkish Government / Central Bank of Turkey,"Turkish authorities announce measures to support the lira and shore up bank liquidity, though investor confidence remains fragile amid the currency crisis.",0.0006839682303000879,NEUTRAL,-0.004434114429944093,DOWN,0.0037673055808764523,UP,0.0003062253831521797,NEUTRAL,-0.005103210831942606,DOWN,-0.0009182104917394862,NEUTRAL,0.0002892612422552813,NEUTRAL,-0.00047920622239237977,NEUTRAL,-0.0013930038001023692,DOWN,-0.09429580558633649,DOWN
EVT_167,2019-10-17,Policy Announce,EU / UK Governments,"The European Union and the United Kingdom agree a revised Brexit withdrawal agreement under new Prime Minister Boris Johnson, replacing the deal previously rejected by Parliament.",0.004706823401557925,UP,0.004706823401557925,UP,0.005174244262350832,UP,0.0034876971290871486,UP,0.0034876971290871486,UP,0.007724022551890165,UP,-0.0008837481354468164,NEUTRAL,-0.0008837481354468164,NEUTRAL,-0.0003221408378720258,NEUTRAL,0.032813217675726924,UP
EVT_168,2020-12-31,Geopolitical,EU / UK Governments,"The Brexit transition period ends at midnight, with the United Kingdom fully exiting the European Union single market and customs union.",-0.009773517884413802,DOWN,-0.009773517884413802,DOWN,0.0033449838795201773,UP,0.0031017342862770525,UP,0.0031017342862770525,UP,-0.00039520748032093733,NEUTRAL,0.00101766186606428,UP,0.00101766186606428,UP,-0.000941086392770957,NEUTRAL,0.0,NEUTRAL
EVT_169,2015-08-24,Geopolitical,Global Financial Markets,"Global stock markets suffer a sharp selloff dubbed 'Black Monday', driven by fears over a sharper-than-expected slowdown in the Chinese economy.",0.017953830837384836,UP,-0.0032484642926332236,DOWN,-0.01442378820231598,DOWN,0.005407739213094687,UP,-0.012572788820008458,DOWN,-0.016713395539529528,DOWN,-0.023673675273081143,DOWN,-0.01384697747854082,DOWN,-0.0036457859802914425,DOWN,-0.4452751230537925,DOWN
EVT_170,2018-02-05,Geopolitical,Global Financial Markets,"US stock markets suffer their sharpest single-day point decline on record at the time, as fears of accelerating inflation and faster rate hikes trigger a volatility spike.",-0.006377383172319716,DOWN,-0.014470087533915087,DOWN,-0.01572076533368569,DOWN,-0.011951225665113053,DOWN,-0.016583708452659638,DOWN,-0.020324088393902342,DOWN,-0.008579456818838978,DOWN,-0.0076541055048400695,DOWN,-0.011287167811725283,DOWN,-0.10917869960503908,DOWN
EVT_171,2020-02-24,Geopolitical,Global Financial Markets,"Global equity markets begin a sharp selloff as COVID-19 spreads beyond China, marking the onset of the pandemic-driven market crash.",0.0009358327590463808,NEUTRAL,0.004312403300646204,UP,0.019393661250638555,UP,-0.0020962743063346074,DOWN,-0.003620453603978059,DOWN,-0.011386036314207391,DOWN,-0.006294561087651176,DOWN,-0.010760740586062668,DOWN,-0.03521394833984857,DOWN,0.44758068088920205,UP
EVT_172,2015-09-17,Monetary Policy,Federal Reserve / Janet Yellen,"The Federal Reserve unexpectedly holds interest rates steady, citing concerns over global economic and financial developments, notably the slowdown in China.",0.009599021060692499,UP,0.009599021060692499,UP,-0.0090826105461187,DOWN,0.0032796551644963486,UP,0.0032796551644963486,UP,-0.01729195356186538,DOWN,-0.003965645029302638,DOWN,-0.003965645029302638,DOWN,-0.0026836311502987506,DOWN,0.05252249430779115,UP
EVT_173,2020-03-23,Monetary Policy,Federal Reserve / Jerome Powell,The Federal Reserve announces open-ended quantitative easing and a series of emergency lending facilities to stabilise financial markets during the pandemic crash.,0.006544952365581136,UP,0.01808638584492966,UP,0.04074088636792946,UP,-0.0023683130439644804,DOWN,0.019435416865224382,UP,0.06898744247586293,UP,0.0032989061523233873,UP,0.003740902623547384,UP,-0.027990315845158865,DOWN,-0.009625658003118978,DOWN
EVT_174,2021-08-27,Monetary Policy,Federal Reserve / Jerome Powell,"At the Jackson Hole symposium, Chair Powell signals that the Fed could begin tapering asset purchases before year-end while stressing that rate hikes remain further off.",,,0.0036169593109244688,UP,0.010161953151524055,UP,,,0.004413706325571018,UP,0.009762453208341137,UP,,,-0.0016642827312523393,DOWN,-0.0009363646613211472,NEUTRAL,-0.012277554840046993,DOWN
EVT_175,2016-08-02,Monetary Policy,RBA / Glenn Stevens,"The Reserve Bank of Australia cuts interest rates to a fresh record low, citing subdued inflation and the need to support the economy's transition away from mining investment.",0.004555674861185054,UP,-0.0029886248374284504,DOWN,-0.0075878053079981795,DOWN,0.011484250925902047,UP,-0.0042761876382039175,DOWN,-0.011679780010451021,DOWN,-0.012692687656150248,DOWN,-0.011397402478405183,DOWN,-0.0006938694166566078,NEUTRAL,-0.1602775749527595,DOWN
EVT_176,2020-11-03,Monetary Policy,RBA / Philip Lowe,The Reserve Bank of Australia cuts its cash rate to a record low of 0.10% and launches a bond-buying programme to support the pandemic recovery.,0.010204356761020732,UP,0.01489675111364604,UP,0.01572428889831219,UP,0.015184067478714296,UP,0.01653644518553998,UP,0.0188384310545856,UP,-0.0017107090947874597,DOWN,-0.010771595962198928,DOWN,0.003926419206405597,UP,-0.3576800241541085,DOWN
EVT_177,2022-05-03,Monetary Policy,RBA / Philip Lowe,"The Reserve Bank of Australia raises interest rates for the first time in over a decade, joining the global tightening cycle against inflation.",0.0018513560381257603,UP,0.0029153311136979154,UP,0.00538463287653429,UP,0.0001698583136831631,NEUTRAL,-0.010790223925005449,DOWN,-0.0128404742407917,DOWN,3.0725385304061255e-05,NEUTRAL,0.0016740953388955267,UP,0.002034630887918494,UP,0.031631187730766494,UP
EVT_178,2015-07-14,Policy Announce,Iran / P5+1 Nations,"Iran and world powers reach a landmark nuclear agreement, the JCPOA, agreeing to lift sanctions in exchange for curbs on Iran's nuclear programme.",0.0015949153380938235,UP,-0.009548925050498145,DOWN,-0.014208108892263455,DOWN,0.009942423735038263,UP,0.008411204888019618,UP,0.005900644735330598,UP,-0.0020251941031560593,DOWN,0.0046746792182037564,UP,0.005841922079270142,UP,-0.11228212013787855,DOWN
EVT_179,2018-05-21,Geopolitical,US Government / Mike Pompeo,"Secretary of State Pompeo outlines sweeping new demands on Iran following the US withdrawal from the nuclear deal, threatening the toughest sanctions in history.",0.002191086827304078,UP,-0.0048127007395448295,DOWN,-0.00662607790797197,DOWN,-0.0033636028174050467,DOWN,-0.007879956597401086,DOWN,-0.012548997404651473,DOWN,0.0008834442007314071,NEUTRAL,-0.009159733666628816,DOWN,-0.011401294136672412,DOWN,-0.042958592599363486,DOWN
EVT_180,2019-06-09,Geopolitical,Hong Kong Government,"Mass protests erupt in Hong Kong against a proposed extradition bill, marking the start of a prolonged period of political unrest that unsettles regional markets.",0.003864012256703093,UP,0.004690647145754506,UP,0.0003496434053428967,NEUTRAL,0.00193209898640919,UP,0.002046589085857735,UP,-0.0014465687668312637,DOWN,-4.614858085143192e-05,NEUTRAL,0.0001843620278953487,NEUTRAL,-0.0012271087590056374,DOWN,-0.024217228247609458,DOWN
EVT_181,2020-06-30,Policy Announce,Chinese Government,"China imposes a sweeping national security law on Hong Kong, drawing international condemnation and raising concerns over the territory's autonomy and financial-hub status.",-0.0010005176272754655,DOWN,-0.0008319448626654197,NEUTRAL,0.005820437088329796,UP,0.00637249842626398,UP,0.012578906881777456,UP,0.014907803745220915,UP,0.003701682821790074,UP,-0.0008647170364258462,NEUTRAL,-0.0021493030424473447,DOWN,-0.09471883216305443,DOWN
EVT_182,2023-11-19,Election,Argentine Presidential Election,"Libertarian outsider Javier Milei wins Argentina's presidential runoff on a platform of radical economic reform, triggering a sharp rally in Argentine assets.",0.004896069984269191,UP,0.005921940951604288,UP,0.00483070892835219,UP,0.0031832952959862074,UP,0.010357887988011216,UP,0.009505189155160496,UP,-0.005075734122270568,DOWN,-0.017085570585848593,DOWN,-0.007125337046831062,DOWN,-0.07132476495693725,DOWN
EVT_183,2024-06-02,Election,Mexican Presidential Election,"Claudia Sheinbaum wins Mexico's presidential election in a landslide, becoming the country's first female president and continuing the ruling party's dominance.",0.0016266164009212727,UP,0.004278246477148855,UP,0.005432331752991393,UP,0.0010444910090572396,UP,0.003340964805049328,UP,0.004926020093234421,UP,0.0014451827014408491,UP,-0.011721664690536348,DOWN,-0.008034565322081287,DOWN,-0.02270155883612137,DOWN
EVT_184,2023-12-18,Geopolitical,Houthi Movement / Red Sea Shipping,"Houthi attacks on commercial shipping in the Red Sea intensify, prompting major shipping firms to suspend transits and disrupting global trade routes.",0.002618234905509399,UP,0.004619271576762124,UP,0.01197999838125232,UP,-0.001620735292874377,DOWN,-0.0024553341466387697,DOWN,0.0003676537538780267,NEUTRAL,0.0028698009541015574,UP,0.008466384142784692,UP,0.00020369710311314375,NEUTRAL,0.08322229923544318,UP
EVT_185,2024-01-12,Geopolitical,US / UK Governments,The United States and United Kingdom launch military strikes against Houthi targets in Yemen in response to continued attacks on Red Sea shipping.,,,-0.0032781369315876235,DOWN,-0.009378107818179658,DOWN,,,-0.003227497441545451,DOWN,-0.005326904692525032,DOWN,,,0.0007098456410151234,NEUTRAL,0.02102583555094797,UP,0.0,NEUTRAL
EVT_186,2023-05-01,Policy Announce,US Regulators / First Republic Bank,"First Republic Bank is seized by regulators and sold to JPMorgan Chase in the second-largest US bank failure in history, extending the regional banking crisis.",-0.0037915711025151917,DOWN,0.0052549776984911626,UP,0.0007049876161572794,NEUTRAL,-0.005722390196998685,DOWN,0.0009045578306148556,NEUTRAL,0.005793278227519766,UP,0.008287491832114937,UP,-0.01359778221128528,DOWN,-0.00874130742752612,DOWN,0.22264592741588704,UP
EVT_187,2023-03-24,Policy Announce,Deutsche Bank,Shares in Deutsche Bank plunge and its credit default swap costs spike sharply amid fears of wider contagion from the banking turmoil following Credit Suisse's rescue.,,,-0.0052627456329634136,DOWN,0.0064023159823185976,UP,,,-0.002897860206281461,DOWN,0.008572321624899229,UP,,,-0.0001452934825951709,NEUTRAL,0.017692996367835424,UP,-0.053862776851436873,DOWN
EVT_188,2016-11-02,Monetary Policy,Federal Reserve,"The Federal Reserve holds interest rates steady just days before the US presidential election, avoiding any appearance of political interference.",0.0036554982779582594,UP,0.004099471859479811,UP,-0.0034438602642153176,DOWN,0.00538723627483211,UP,0.018640653292873652,UP,0.012177796173104893,UP,-0.006882993505222918,DOWN,-0.010041416887925444,DOWN,0.008970860969048254,UP,0.15281885209812404,UP
EVT_189,2018-08-01,Monetary Policy,Federal Reserve / Jerome Powell,"The Federal Reserve holds interest rates steady while describing the economy as growing at a strong pace, keeping alive expectations of further hikes later in the year.",-0.002031950545646603,DOWN,-0.008902896754223151,DOWN,-0.007441989933450163,DOWN,0.00034117212028240035,NEUTRAL,-0.007920280809394905,DOWN,-0.013424858192528425,DOWN,-0.0016828325351271557,DOWN,-0.0010559040904479394,DOWN,-0.004149602301084391,DOWN,-0.12197425781629498,DOWN
EVT_190,2020-06-10,Monetary Policy,Federal Reserve / Jerome Powell,The Federal Reserve projects near-zero interest rates through 2022 and pledges continued asset purchases to support the pandemic recovery.,0.0029280210908834464,UP,-0.00390202885247806,DOWN,-0.0058867558324267304,DOWN,-5.083110737316229e-05,NEUTRAL,-0.010620926831030074,DOWN,-0.009979260188933754,DOWN,-0.00759852675120436,DOWN,-0.00926377243316264,DOWN,-0.003596479891656771,DOWN,0.26928760891609965,UP
EVT_191,2023-06-14,Monetary Policy,Federal Reserve / Jerome Powell,"The Federal Reserve holds interest rates steady for the first time in over a year, pausing its tightening cycle while signalling further hikes may still follow.",0.004964585042939019,UP,0.014409924078321954,UP,0.012070257891281164,UP,0.005068084347643957,UP,0.01409233963425586,UP,0.012495424809132268,UP,-0.0014277645669857327,DOWN,0.0006489929846225402,NEUTRAL,0.008227082729699253,UP,-0.024800698656906296,DOWN
EVT_192,2024-05-01,Monetary Policy,Federal Reserve / Jerome Powell,"The Federal Reserve holds interest rates steady and Chair Powell acknowledges that progress on inflation has stalled, dampening hopes for near-term rate cuts.",0.005143796890728481,UP,0.006216615762152106,UP,0.007838548145612642,UP,0.003929655044253263,UP,0.004029946979425606,UP,0.0008997136663298029,NEUTRAL,-0.012877255174238648,DOWN,-0.030102006571741093,DOWN,-0.019035995893357777,DOWN,-0.13176931690607238,DOWN
EVT_193,2015-12-03,Monetary Policy,ECB / Mario Draghi,"The ECB extends and expands its quantitative easing programme but disappoints markets expecting more aggressive stimulus, triggering a sharp bond selloff.",0.02814535106681541,UP,0.02814535106681541,UP,0.037445239056031594,UP,0.012364246211364685,UP,0.012364246211364685,UP,0.015593154646057409,UP,-0.00466082169910589,DOWN,-0.00466082169910589,DOWN,-0.012461076036894758,DOWN,-0.20116164898473932,DOWN
EVT_194,2019-03-07,Monetary Policy,ECB / Mario Draghi,"The ECB unveils a new round of cheap long-term loans for banks and pushes back the timeline for future rate hikes, citing a weakening growth outlook.",-0.010276757477315702,DOWN,-0.010276757477315702,DOWN,0.0015058914269562632,UP,-0.006831376149563521,DOWN,-0.006831376149563521,DOWN,0.007821197963623119,UP,9.855535760581529e-05,NEUTRAL,9.855535760581529e-05,NEUTRAL,-0.0038327294833204765,DOWN,-0.03309131135908011,DOWN
EVT_195,2017-06-08,Election,UK General Election,"Prime Minister Theresa May's Conservative Party unexpectedly loses its parliamentary majority in a snap general election, weakening her position ahead of Brexit negotiations.",-0.006272006430605266,DOWN,-0.006272006430605266,DOWN,-0.003505464991164507,DOWN,-0.01862052926494757,DOWN,-0.01862052926494757,DOWN,-0.016149164877067173,DOWN,-0.00037313935889427344,NEUTRAL,-0.00037313935889427344,NEUTRAL,-0.004139606168423521,DOWN,0.05178529651032963,UP
EVT_196,2022-04-24,Election,French Presidential Election,"Emmanuel Macron wins re-election as French President, defeating far-right challenger Marine Le Pen in the runoff and easing fears of a eurosceptic shift in France.",-0.00222952123962869,DOWN,-0.01783724793107309,DOWN,-0.03102249935392731,DOWN,-0.015112959580361284,DOWN,-0.0345413801556768,DOWN,-0.04413460252213183,DOWN,0.001532926388920221,UP,-0.00893335653306153,DOWN,0.018540837121230957,UP,0.11348064010478887,UP
EVT_197,2023-03-16,Policy Announce,French Government / Emmanuel Macron,"The French government forces through a controversial pension reform raising the retirement age without a parliamentary vote, triggering nationwide protests.",0.0029041044625179304,UP,0.0029041044625179304,UP,0.02676038111133293,UP,0.0034092829006263244,UP,0.0034092829006263244,UP,0.0172869209047324,UP,0.0032970387487003677,UP,0.0032970387487003677,UP,-0.013252348285864366,DOWN,0.10401121230658243,UP
EVT_198,2019-08-25,Geopolitical,G7 Summit,The G7 summit in Biarritz is overshadowed by trade tensions as President Trump reverses course multiple times on new tariffs against China.,0.005312309309738264,UP,0.0005433056848443265,NEUTRAL,-0.001993069542827976,DOWN,0.0008580002430647376,NEUTRAL,0.0025516090536801908,UP,-0.0053520014688485315,DOWN,-0.015294685296024652,DOWN,-0.006880165802883987,DOWN,-0.0002818030367374322,NEUTRAL,-0.026518659609941434,DOWN
EVT_199,2020-08-04,Geopolitical,Lebanese Government,"A massive explosion devastates the port of Beirut, killing over 200 people and plunging Lebanon deeper into economic and political crisis.",0.004420992329538805,UP,0.009573908027737766,UP,-0.002173870673062563,DOWN,0.0005624947724811936,NEUTRAL,0.004522337529347981,UP,-0.0001177693967192699,NEUTRAL,-0.003931138208153516,DOWN,-0.004243618443612095,DOWN,-0.00035847237895782175,NEUTRAL,-0.06746090744258525,DOWN
EVT_200,2018-12-01,Geopolitical,Canada / China Governments,"Canada arrests Huawei CFO Meng Wanzhou at the request of the United States, sharply escalating tensions between China and the West amid the ongoing trade war.",,,-0.0033326563736697447,DOWN,-0.001582405153038238,DOWN,,,-0.004591864448635831,DOWN,-0.0004601791683469807,NEUTRAL,,,0.0015506295866867714,UP,-0.006386577237319321,DOWN,0.13781110405000824,UP
EVT_201,2019-05-10,Policy Announce,US Government / Donald Trump,"The Trump administration raises tariffs on 200 billion dollars of Chinese goods from 10 to 25 percent after trade talks stall, reigniting the trade war.",,,0.0012801764504052242,UP,-0.004333468502645094,DOWN,,,7.806691658145821e-05,NEUTRAL,-0.016425681355039582,DOWN,,,-0.0013943243103665885,DOWN,0.0005826982412860251,NEUTRAL,0.2477752443001041,UP
EVT_202,2016-04-03,Geopolitical,International Consortium of Investigative Journalists,"Leaked 'Panama Papers' documents reveal widespread offshore tax avoidance by global political and business elites, triggering political fallout in multiple countries including the resignation of Iceland's prime minister.",0.0009107559348322408,NEUTRAL,0.00020488244574779624,NEUTRAL,-0.0005005463729944843,NEUTRAL,-0.009964091426892328,DOWN,-0.014774587654061044,DOWN,-0.02174348251015214,DOWN,-0.006761814000103942,DOWN,-0.01886463421441842,DOWN,-0.03669830441212583,DOWN,0.07285307741317341,UP
